"kc.bodyId","kc.instance","kc.type","nb.cluster","kc.largetype","nclaw","npostsyn"
"1141346308","KCg-m_R","kcg","a","gamma",6,133
"880404940","KCab-m_R","kcabm","a","alphabeta",4,53
"939733452","KCab-s_R","kcabs","a","alphabeta",5,82
"754870859","KCg-m_R","kcg","b","gamma",8,136
"661757811","KCg-m_R","kcg","b","gamma",11,171
"725200110","KCg-m_R","kcg","c","gamma",7,120
"1141691881","KCg-m_R","kcg","c","gamma",7,122
"5813104095","KCg-m_R","kcg","c","gamma",8,161
"784204967","KCg-m_R","kcg","b","gamma",10,141
"5812981618","KCab-s_R","kcabs","b","alphabeta",6,74
"519900699","KCab-s_R","kcabs","b","alphabeta",5,61
"5812983152","KCg-m_R","kcg","a","gamma",10,180
"754893183","KCa'b'-ap2_R","kcabprimeap2","a","alphaprimebetaprime",5,74
"922677121","KCab-c_R","kcabc","a","alphabeta",7,38
"767502657","KCab-c_R","kcabc","a","alphabeta",6,33
"5813060663","KCg-m_R","kcg","d","gamma",8,99
"5812983310","KCg-m_R","kcg","b","gamma",12,132
"5812981432","KCg-m_R","kcg","d","gamma",12,165
"5812980813","KCg-m_R","kcg","d","gamma",9,183
"415835178","KCg-m_R","kcg","d","gamma",10,166
"518873604","KCab-s_R","kcabs","c","alphabeta",7,112
"569999973","KCg-m_R","kcg","d","gamma",6,115
"632069728","KCg-m_R","kcg","d","gamma",7,97
"539949478","KCg-m_R","kcg","d","gamma",4,94
"5813085240","KCa'b'-ap2_R","kcabprimeap2","c","alphaprimebetaprime",5,84
"602808843","KCa'b'-ap2_R","kcabprimeap2","c","alphaprimebetaprime",5,70
"509695478","KCg-m_R","kcg","a","gamma",8,137
"632069851","KCg-m_R","kcg","c","gamma",6,78
"5813081174","KCg-m_R","kcg","d","gamma",6,123
"1202410042","KCg-m_R","kcg","c","gamma",9,177
"415852518","KCg-m_R","kcg","c","gamma",10,198
"5812980580","KCg-m_R","kcg","d","gamma",9,174
"570643109","KCg-m_R","kcg","d","gamma",8,113
"5813032552","KCg-m_R","kcg","a","gamma",4,70
"581633934","KCab-s_R","kcabs","d","alphabeta",7,89
"363370708","KCab-c_R","kcabc","a","alphabeta",6,54
"1173016042","KCg-m_R","kcg","b","gamma",6,156
"723167312","KCg-m_R","kcg","a","gamma",10,150
"815922095","KCab-s_R","kcabs","b","alphabeta",6,84
"1068617431","KCg-m_R","kcg","d","gamma",9,195
"5812983898","KCa'b'-ap2_R","kcabprimeap2","b","alphaprimebetaprime",7,64
"662789529","KCab-s_R","kcabs","b","alphabeta",5,97
"5812982437","KCg-m_R","kcg","b","gamma",9,119
"1068613227","KCg-m_R","kcg","a","gamma",7,119
"455793743","KCab-s_R","kcabs","a","alphabeta",5,86
"5812981932","KCg-m_R","kcg","c","gamma",11,193
"631741483","KCg-m_R","kcg","d","gamma",10,195
"570647526","KCg-m_R","kcg","d","gamma",10,142
"632397798","KCg-m_R","kcg","d","gamma",8,133
"5813022133","KCg-m_R","kcg","d","gamma",8,175
"736126668","KCab-c_R","kcabc","d","alphabeta",7,85
"5813067833","KCg-m_R","kcg","c","gamma",9,200
"354779890","KCg-m_R","kcg","d","gamma",9,158
"633498748","KCg-m_R","kcg","a","gamma",5,76
"5813027460","KCg-m_R","kcg","c","gamma",7,138
"601712754","KCg-m_R","kcg","d","gamma",8,155
"5813053888","KCg-m_R","kcg","a","gamma",7,170
"1141346217","KCg-m_R","kcg","c","gamma",11,132
"5813067792","KCg-m_R","kcg","a","gamma",7,85
"5812979121","KCg-t_R","kcgt","a","gamma",5,42
"891629070","KCab-s_R","kcabs","a","alphabeta",7,74
"1141006088","KCg-m_R","kcg","a","gamma",8,116
"724876683","KCg-m_R","kcg","a","gamma",6,69
"1143332046","KCg-m_R","kcg","a","gamma",6,133
"693841887","KCg-m_R","kcg","a","gamma",8,129
"456820863","KCab-m_R","kcabm","a","alphabeta",8,85
"571778381","KCg-m_R","kcg","a","gamma",7,115
"5813047662","KCg-m_R","kcg","a","gamma",11,94
"692818802","KCg-m_R","kcg","a","gamma",10,105
"5812981148","KCg-m_R","kcg","d","gamma",9,160
"5812982149","KCa'b'-m_R","kcabprimem","c","alphaprimebetaprime",7,92
"5813021275","KCg-m_R","kcg","c","gamma",8,148
"661395129","KCg-m_R","kcg","c","gamma",12,181
"5812980638","KCg-m_R","kcg","d","gamma",11,203
"5813053878","KCg-m_R","kcg","d","gamma",8,162
"662754991","KCg-m_R","kcg","d","gamma",9,111
"692093440","KCg-m_R","kcg","d","gamma",8,143
"5812983003","KCg-m_R","kcg","d","gamma",8,149
"5812981703","KCg-m_R","kcg","d","gamma",7,190
"1200351169","KCa'b'-ap2_R","kcabprimeap2","d","alphaprimebetaprime",5,85
"661740651","KCg-m_R","kcg","c","gamma",8,132
"786221078","KCab-m_R","kcabm","d","alphabeta",3,59
"548553494","KCa'b'-m_R","kcabprimem","c","alphaprimebetaprime",5,76
"5813042616","KCab-m_R","kcabm","d","alphabeta",7,82
"785189156","KCab-m_R","kcabm","d","alphabeta",6,111
"693453332","KCab-c_R","kcabc","d","alphabeta",4,102
"1142019737","KCg-m_R","kcg","c","gamma",9,184
"385158577","KCg-m_R","kcg","d","gamma",10,130
"631396256","KCg-m_R","kcg","c","gamma",8,160
"416189410","KCg-m_R","kcg","d","gamma",8,201
"5812980802","KCab-c_R","kcabc","d","alphabeta",5,92
"610968248","KCa'b'-m_R","kcabprimem","c","alphaprimebetaprime",5,65
"5812981950","KCab-m_R","kcabm","d","alphabeta",6,128
"5813033012","KCg-m_R","kcg","d","gamma",10,198
"508939914","KCg-m_R","kcg","d","gamma",8,139
"5813091211","KCab-s_R","kcabs","d","alphabeta",7,78
"447219992","KCg-m_R","kcg","d","gamma",8,159
"5813020831","KCab-s_R","kcabs","d","alphabeta",7,115
"754832123","KC part due to gap","unknown",NA,"unknown",8,45
"693785371","KCg-m_R","kcg","d","gamma",8,115
"5813101387","KCg-m_R","kcg","a","gamma",7,109
"5812982872","KCg-m_R","kcg","a","gamma",7,136
"631400190","KCg-m_R","kcg","c","gamma",9,131
"5812983337","KCg-m_R","kcg","b","gamma",3,62
"5812989173","KCg-m_R","kcg","a","gamma",11,136
"911755444","KCg-m_R","kcg","b","gamma",1,17
"611304789","KCab-s_R","kcabs","b","alphabeta",8,98
"1142994933","KCg-m_R","kcg","b","gamma",9,145
"5813056300","KCa'b'-ap2_R","kcabprimeap2","a","alphaprimebetaprime",6,62
"849707224","KCab-s_R","kcabs","a","alphabeta",8,110
"5812982273","KCg-m_R","kcg","c","gamma",6,87
"5812982803","KCg-m_R","kcg","a","gamma",3,68
"518528152","KCa'b'-ap2_R","kcabprimeap2","b","alphaprimebetaprime",6,53
"5812980444","KCab-s_R","kcabs","a","alphabeta",7,100
"5812983544","KCa'b'-ap2_R","kcabprimeap2","a","alphaprimebetaprime",6,87
"1173072129","KCg-m_R","kcg","b","gamma",8,164
"1141337663","KCg-m_R","kcg","b","gamma",8,129
"362701969","KCab-s_R","kcabs","b","alphabeta",8,73
"754547386","KCg-m_R","kcg","a","gamma",6,118
"5813094743","KCg-m_R","kcg","a","gamma",6,108
"1068954342","KCg-m_R","kcg","a","gamma",9,145
"602459682","KCg-m_R","kcg","a","gamma",10,170
"540730738","KCg-m_R","kcg","a","gamma",7,179
"630731599","KCg-t_R","kcgt","a","gamma",8,106
"693846112","KCg-m_R","kcg","a","gamma",8,144
"5812982871","KCg-m_R","kcg","a","gamma",7,107
"693837780","KCg-m_R","kcg","a","gamma",8,153
"1224137495","KCg-s3_R","kcgs","a","gamma",2,0
"5813020046","KCa'b'-ap2_R","kcabprimeap2","c","alphaprimebetaprime",6,88
"1067598881","KCg-m_R","kcg","b","gamma",9,146
"331999156","KCab-c_R","kcabc","a","alphabeta",5,68
"5812981153","KCg-m_R","kcg","c","gamma",8,203
"5812979326","KCg-m_R","kcg","b","gamma",7,146
"5813053935","KCg-m_R","kcg","b","gamma",4,70
"785914742","KCg-m_R","kcg","a","gamma",10,143
"1172704683","KCg-m_R","kcg","b","gamma",8,117
"723508162","KCg-m_R","kcg","a","gamma",7,84
"5812981046","KCg-t_R","kcgt","a","gamma",2,27
"5813021806","KCa'b'-ap2_R","kcabprimeap2","b","alphaprimebetaprime",3,66
"911759695","KCg-m_R","kcg","a","gamma",7,118
"570643102","KCg-m_R","kcg","d","gamma",11,158
"662085486","KCg-m_R","kcg","d","gamma",11,202
"5813021273","KCg-m_R","kcg","c","gamma",8,165
"5813067793","KCg-m_R","kcg","b","gamma",7,101
"663091787","KCg-m_R","kcg","d","gamma",5,83
"5813069792","KCg-m_R","kcg","b","gamma",11,140
"5813022352","KCg-m_R","kcg","a","gamma",8,116
"602118253","KCg-m_R","kcg","a","gamma",9,185
"5813083990","KCg-m_R","kcg","a","gamma",8,134
"664188056","KCg-m_R","kcg","a","gamma",9,141
"784895866","KCg-m_R","kcg","b","gamma",8,95
"5812982000","KCg-m_R","kcg","a","gamma",8,109
"799906141","KCa'b'-ap2_R","kcabprimeap2","c","alphaprimebetaprime",7,97
"5812981373","KCa'b'-ap2_R","kcabprimeap2","c","alphaprimebetaprime",7,47
"1142019878","KCg-s4_R","kcgs","c","gamma",1,6
"1080580151","KCg-m_R","kcg","b","gamma",10,149
"425431837","KCab-s_R","kcabs","d","alphabeta",6,116
"5813054085","KCg-m_R","kcg","c","gamma",7,138
"631422121","KCg-m_R","kcg","c","gamma",9,184
"5813053885","KCg-m_R","kcg","c","gamma",5,142
"5812982694","KCa'b'-m_R","kcabprimem","a","alphaprimebetaprime",5,49
"973146958","KCg-m_R","kcg","a","gamma",5,102
"5812980220","KCab-c_R","kcabc","a","alphabeta",5,49
"1141337757","KCg-m_R","kcg","b","gamma",8,118
"5812983147","KCg-m_R","kcg","b","gamma",8,106
"5812980594","KCab-c_R","kcabc","a","alphabeta",7,85
"1143686159","KCg-m_R","kcg","a","gamma",10,170
"860261985","KCab-c_R","kcabc","a","alphabeta",9,64
"1173732234","KCg-m_R","kcg","c","gamma",7,151
"5812980555","KCab-s_R","kcabs","a","alphabeta",4,66
"5813032896","KCa'b'-ap2_R","kcabprimeap2","a","alphaprimebetaprime",7,72
"517847127","KCa'b'-ap2_R","kcabprimeap2","a","alphaprimebetaprime",5,96
"631400598","KCg-m_R","kcg","c","gamma",11,142
"5813019779","KCg-m_R","kcg","c","gamma",7,151
"332353438","KCab-s_R","kcabs","a","alphabeta",6,65
"5812982216","KCg-m_R","kcg","c","gamma",10,189
"1141636055","KCg-m_R","kcg","a","gamma",8,147
"643363111","KCab-s_R","kcabs","a","alphabeta",4,87
"632808044","KCg-m_R","kcg","a","gamma",8,205
"880055173","KCab-s_R","kcabs","a","alphabeta",7,69
"5812983319","KCab-c_R","kcabc","b","alphabeta",5,46
"363387921","KCab-m_R","kcabm","a","alphabeta",7,73
"1141631240","KCg-m_R","kcg","a","gamma",9,168
"798537456","KCab-c_R","kcabc","a","alphabeta",7,33
"5812983114","KCab-s_R","kcabs","a","alphabeta",6,101
"662802782","KCg-m_R","kcg","a","gamma",11,148
"1392655948","KCg-t_R","kcgt","a","gamma",6,128
"509700197","KCg-m_R","kcg","a","gamma",9,148
"798537638","KCab-c_R","kcabc","a","alphabeta",3,51
"519564501","KCab-s_R","kcabs","a","alphabeta",5,76
"5812981142","KCg-m_R","kcg","b","gamma",8,126
"5901202102","KCg-m_R","kcg","b","gamma",8,100
"725217343","KCg-m_R","kcg","a","gamma",8,144
"5813079489","KCg-m_R","kcg","b","gamma",8,137
"785573850","KCab-s_R","kcabs","b","alphabeta",5,82
"754206396","KCg-m_R","kcg","a","gamma",1,17
"880409455","KCab-s_R","kcabs","a","alphabeta",10,99
"5812980425","KCab-s_R","kcabs","a","alphabeta",7,94
"5812982594","KCg-m_R","kcg","c","gamma",10,183
"1297556652","KCg-m_R","kcg","b","gamma",10,164
"1100675450","KCg-m_R","kcg","a","gamma",8,126
"5813055923","KCg-m_R","kcg","d","gamma",11,201
"5812979191","KCg-m_R","kcg","c","gamma",5,86
"332349228","KCab-c_R","kcabc","b","alphabeta",5,41
"662107551","KCg-m_R","kcg","c","gamma",7,142
"5812983673","KCg-m_R","kcg","b","gamma",9,136
"5812981106","KCab-s_R","kcabs","c","alphabeta",8,96
"5812981702","KCg-m_R","kcg","d","gamma",8,157
"539975122","KC(incomplete?)","unknown","d","unknown",6,89
"416189500","KCg-m_R","kcg","d","gamma",12,205
"756196285","KCg-m_R","kcg","d","gamma",7,154
"570336412","KCg-m_R","kcg","d","gamma",9,223
"1173745220","KCg-m_R","kcg","d","gamma",8,200
"631422224","KCg-m_R","kcg","d","gamma",6,145
"632048075","KCg-m_R","kcg","d","gamma",4,113
"477896729","KC part due to gap","unknown","d","unknown",3,93
"1036559440","KCg-m_R","kcg","d","gamma",11,196
"5813021865","KCg-m_R","kcg","d","gamma",10,163
"446826981","KCg-m_R","kcg","d","gamma",6,144
"1172713521","KCg-s1(super)_R","kcgs","d","gamma",0,2
"1005179264","KCg-m_R","kcg","d","gamma",5,111
"416508862","KCg-m_R","kcg","d","gamma",10,188
"818637585","KCab-c_R","kcabc","b","alphabeta",5,33
"755229523","KCg-m_R","kcg","b","gamma",9,122
"737149820","KCa'b'-ap2_R","kcabprimeap2","d","alphaprimebetaprime",8,78
"5813020052","KCa'b'-ap2_R","kcabprimeap2","b","alphaprimebetaprime",3,38
"424754530","KCab-s_R","kcabs","b","alphabeta",4,77
"5812979133","KCg-m_R","kcg","c","gamma",7,133
"5812982802","KCab-s_R","kcabs","b","alphabeta",7,96
"723158245","KCg-m_R","kcg","b","gamma",7,141
"1068954391","KCg-m_R","kcg","c","gamma",8,136
"5813041206","KCg-m_R","kcg","c","gamma",11,145
"1200683283","KCa'b'-ap2_R","kcabprimeap2","c","alphaprimebetaprime",5,60
"724867917","KCg-m_R","kcg","b","gamma",6,130
"632397510","KCg-m_R","kcg","d","gamma",9,158
"1141687352","KCg-m_R","kcg","c","gamma",6,171
"332340127","KCab-s_R","kcabs","d","alphabeta",6,85
"5813067858","KCa'b'-ap2_R","kcabprimeap2","d","alphaprimebetaprime",4,67
"632069757","KCg-m_R","kcg","d","gamma",7,138
"724151343","KC part due to gap","unknown",NA,"unknown",4,55
"333035349","KCab-s_R","kcabs","d","alphabeta",4,65
"5812980386","KCg-m_R","kcg","d","gamma",7,152
"601047827","KCg-m_R","kcg","c","gamma",11,159
"5813019917","KCg-m_R","kcg","c","gamma",7,136
"601047853","KCg-m_R","kcg","d","gamma",10,154
"415494049","KCg-m_R","kcg","d","gamma",11,196
"508599181","KCg-m_R","kcg","d","gamma",8,150
"632734572","KCg-m_R","kcg","d","gamma",9,127
"477900959","KCg-m_R","kcg","d","gamma",9,204
"5813021748","KCa'b'-ap2_R","kcabprimeap2","d","alphaprimebetaprime",6,100
"477900945","KCg-m_R","kcg","d","gamma",12,212
"446883390","KCg-m_R","kcg","d","gamma",9,188
"5813067761","KCab-m_R","kcabm","d","alphabeta",5,88
"798196389","KCab-m_R","kcabm","b","alphabeta",3,49
"5812983579","KCab-c_R","kcabc","b","alphabeta",3,41
"5812983657","KCg-m_R","kcg","b","gamma",7,145
"5812980207","KCab-m_R","kcabm","b","alphabeta",4,85
"611300533","KCa'b'-m_R","kcabprimem","b","alphaprimebetaprime",3,33
"877987901","KCab-m_R","kcabm","b","alphabeta",6,90
"362693473","KCab-m_R","kcabm","b","alphabeta",4,63
"332344592","KCab-c_R","kcabc","a","alphabeta",7,33
"848662421","KCab-c_R","kcabc","b","alphabeta",5,60
"579592279","KCa'b'-m_R","kcabprimem","d","alphaprimebetaprime",5,77
"662763904","KCg-m_R","kcg","d","gamma",7,57
"362701895","KCab-m_R","kcabm","d","alphabeta",3,74
"5813077610","KCg-m_R","kcg","d","gamma",10,156
"5813068752","KCa'b'-m_R","kcabprimem","d","alphaprimebetaprime",6,72
"767502579","KCab-c_R","kcabc","c","alphabeta",7,53
"693448777","KCab-c_R","kcabc","d","alphabeta",3,34
"600702483","KCg-m_R","kcg","d","gamma",10,203
"519232054","KCab-s_R","kcabs","d","alphabeta",7,96
"631396532","KCg-m_R","kcg","d","gamma",7,191
"5812981800","KCa'b'-m_R","kcabprimem","d","alphaprimebetaprime",7,103
"5812981947","KC part due to gap","unknown",NA,"unknown",7,58
"693785633","KCab-m_R","kcabm","d","alphabeta",5,82
"579587796","KCa'b'-m_R","kcabprimem","d","alphaprimebetaprime",8,87
"5812982430","KC part due to gap","unknown",NA,"unknown",3,26
"692792746","KCab-c_R","kcabc","d","alphabeta",2,33
"5812983268","KCab-s_R","kcabs","d","alphabeta",7,95
"1294465669","KCa'b'-ap2_R","kcabprimeap2","d","alphaprimebetaprime",6,86
"5812981978","KCa'b'-m_R","kcabprimem","d","alphaprimebetaprime",6,78
"385132611","KCg-m_R","kcg","d","gamma",9,196
"693790141","KC part due to gap","unknown",NA,"unknown",6,65
"5812982692","KCa'b'-m_R","kcabprimem","d","alphaprimebetaprime",4,59
"5812982012","KCab-m_R","kcabm","d","alphabeta",6,70
"5812981039","KCab-m_R","kcabm","d","alphabeta",4,59
"477572961","KCa'b'-ap2_R","kcabprimeap2","c","alphaprimebetaprime",5,50
"5813021446","KCab-c_R","kcabc","d","alphabeta",3,22
"5812982610","KCg-m_R","kcg","d","gamma",7,130
"724488362","KC part due to gap","unknown",NA,"unknown",3,22
"5812980796","KCg-m_R","kcg","d","gamma",11,193
"5812982011","KCy(half)","kcg","d","gamma",5,178
"664188083","KCg-m_R","kcg","a","gamma",6,85
"1141630854","KCg-m_R","kcg","a","gamma",5,117
"1143677310","KCg-m_R","kcg","b","gamma",8,115
"1142028710","KCg-m_R","kcg","b","gamma",5,71
"1236073998","KCg-m_R","kcg","b","gamma",7,105
"1100675497","KCg-m_R","kcg","b","gamma",10,164
"1101012503","KCg-m_R","kcg","b","gamma",8,98
"5812982422","KCg-m_R","kcg","b","gamma",7,100
"5812982825","KCg-m_R","kcg","d","gamma",8,80
"1172385513","KCg-m_R","kcg","b","gamma",8,150
"1068613282","KCg-m_R","kcg","b","gamma",10,143
"693133603","KCg-m_R","kcg","c","gamma",7,146
"5813033226","KCg-m_R","kcg","c","gamma",7,186
"5813022210","KCg-m_R","kcg","c","gamma",8,140
"1204447548","KCg-m_R","kcg","a","gamma",10,159
"723153828","KCg-m_R","kcg","c","gamma",7,159
"5813057956","KCg-m_R","kcg","b","gamma",10,175
"642680853","KCab-m_R","kcabm","b","alphabeta",3,64
"5813056305","KCa'b'-m_R","kcabprimem","b","alphaprimebetaprime",7,65
"5812983302","KCab-c_R","kcabc","b","alphabeta",5,64
"5813056414","KCg-m_R","kcg","b","gamma",7,100
"756585129","KCab-m_R","kcabm","b","alphabeta",8,97
"815930761","KCab-s_R","kcabs","b","alphabeta",5,65
"815922112","KCg-m_R","kcg","b","gamma",5,105
"736126717","KCab-c_R","kcabc","b","alphabeta",2,42
"5812981586","KCa'b'-ap2_R","kcabprimeap2","b","alphaprimebetaprime",2,46
"5812983578","KCab-c_R","kcabc","b","alphabeta",5,65
"848662441","KCab-c_R","kcabc","a","alphabeta",7,97
"5812980934","KCg-m_R","kcg","b","gamma",8,157
"1172053274","KCg-m_R","kcg","a","gamma",7,152
"518212987","KCa'b'-m_R","kcabprimem","a","alphaprimebetaprime",7,88
"768525647","KCa'b'-ap2_R","kcabprimeap2","a","alphaprimebetaprime",6,79
"664188108","KCg-m_R","kcg","a","gamma",6,102
"1141636389","KCg-m_R","kcg","a","gamma",10,145
"540389734","KCg-m_R","kcg","a","gamma",10,172
"971118588","KCab-c_R","kcabc","a","alphabeta",7,52
"1142356511","KCg-m_R","kcg","a","gamma",7,92
"664188129","KCg-m_R","kcg","a","gamma",4,85
"633149202","KCg-m_R","kcg","a","gamma",9,150
"5812981361","KCa'b'-ap2_R","kcabprimeap2","a","alphaprimebetaprime",5,67
"664184060","KCg-m_R","kcg","a","gamma",5,53
"1297202769","KCg-m_R","kcg","a","gamma",9,157
"1204775735","KCg-m_R","kcg","c","gamma",9,169
"816276925","KCg-m_R","kcg","a","gamma",9,132
"798869986","KCab-s_R","kcabs","a","alphabeta",6,83
"488205572","KCab-s_R","kcabs","a","alphabeta",7,111
"5813058163","KCa'b'-ap2_R","kcabprimeap2","b","alphaprimebetaprime",6,99
"477909602","KCg-m_R","kcg","d","gamma",10,207
"724825187","KC part due to gap","unknown",NA,"unknown",5,59
"5812982470","KCab-m_R","kcabm","d","alphabeta",7,92
"971113967","KCab-c_R","kcabc","a","alphabeta",6,93
"540389646","KCg-m_R","kcg","a","gamma",8,132
"5812982925","KCa'b'-ap2_R","kcabprimeap2","a","alphaprimebetaprime",5,91
"891642215","KCab-c_R","kcabc","a","alphabeta",5,51
"1172665846","KCg-m_R","kcg","a","gamma",8,174
"517510393","KCa'b'-ap2_R","kcabprimeap2","a","alphaprimebetaprime",7,85
"5813040171","KCg-m_R","kcg","a","gamma",8,222
"5812982532","KCg-m_R","kcg","a","gamma",8,126
"5812983899","KCa'b'-ap2_R","kcabprimeap2","a","alphaprimebetaprime",4,57
"1173391076","KCg-m_R","kcg","a","gamma",9,159
"363716151","KCab-c_R","kcabc","a","alphabeta",3,54
"664188211","KCg-m_R","kcg","a","gamma",8,122
"954053018","KCab-c_R","kcabc","a","alphabeta",6,80
"1200700424","KCa'b'-ap2_R","kcabprimeap2","c","alphaprimebetaprime",3,60
"753847960","KCg-m_R","kcg","b","gamma",8,178
"753852265","KCab-c_R","kcabc","b","alphabeta",4,34
"1449670372","KCab-s_R","kcabs","a","alphabeta",5,84
"753852432","KCg-m_R","kcg","b","gamma",8,135
"5812987762","KCg-m_R","kcg","c","gamma",8,154
"5813080254","KCab-m_R","kcabm","b","alphabeta",5,94
"5813110152","KCab-s_R","kcabs","d","alphabeta",7,119
"5813061044","KCab-c_R","kcabc","c","alphabeta",6,76
"5812982328","KCg-m_R","kcg","a","gamma",6,159
"848330091","KCab-s_R","kcabs","a","alphabeta",8,119
"753852396","KCab-c_R","kcabc","b","alphabeta",3,46
"5813056307","KCa'b'-m_R","kcabprimem","a","alphaprimebetaprime",5,66
"5812983012","KCab-s_R","kcabs","a","alphabeta",5,86
"798528850","KCa'b'-m_R","kcabprimem","b","alphaprimebetaprime",5,33
"332685594","KCab-c_R","kcabc","c","alphabeta",5,66
"5813019801","KCg-m_R","kcg","c","gamma",8,155
"693841929","KCab-s_R","kcabs","b","alphabeta",7,78
"5813021772","KCa'b'-m_R","kcabprimem","c","alphaprimebetaprime",5,70
"5813021341","KCg-m_R","kcg","d","gamma",5,99
"5813109913","KCab-s_R","kcabs","c","alphabeta",7,79
"662772393","KCg-m_R","kcg","c","gamma",8,217
"508616471","KCg-m_R","kcg","d","gamma",13,191
"5813057468","KCg-m_R","kcg","c","gamma",6,166
"632397786","KCg-m_R","kcg","d","gamma",13,152
"1139921468","KCab-m_R","kcabm","a","alphabeta",5,103
"939738473","KCab-c_R","kcabc","a","alphabeta",5,73
"847297982","KCab-m_R","kcabm","b","alphabeta",5,99
"363030024","KCab-m_R","kcabm","a","alphabeta",7,102
"846620287","KCab-m_R","kcabm","b","alphabeta",5,75
"611305085","KCa'b'-m_R","kcabprimem","b","alphaprimebetaprime",7,66
"1174712037","KCg-m_R","kcg","b","gamma",6,106
"5813022050","KCab-c_R","kcabc","c","alphabeta",5,55
"5813033065","KCg-m_R","kcg","c","gamma",10,183
"5813102642","KCg-m_R","kcg","b","gamma",10,174
"847297956","KCg-m_R","kcg","b","gamma",5,97
"426477089","KCab-s_R","kcabs","c","alphabeta",5,74
"571424650","KCg-m_R","kcg","a","gamma",11,184
"5813069385","KCa'b'-m_R","kcabprimem","a","alphaprimebetaprime",4,36
"860607455","KCab-c_R","kcabc","c","alphabeta",5,55
"5813095523","KCg-m_R","kcg","c","gamma",10,177
"5813021449","KCab-m_R","kcabm","c","alphabeta",6,98
"5812983009","KCg-m_R","kcg","a","gamma",7,144
"660730340","KCab-c_R","kcabc","c","alphabeta",3,50
"1170606692","KCab-s_R","kcabs","b","alphabeta",6,79
"1232654731","KCg-m_R","kcg","a","gamma",4,78
"571424748","KCg-m_R","kcg","a","gamma",7,132
"5812980426","KCab-s_R","kcabs","b","alphabeta",7,73
"754879354","KCab-c_R","kcabc","b","alphabeta",4,44
"1267164975","KCg-m_R","kcg","c","gamma",10,183
"5813057187","KCab-s_R","kcabs","c","alphabeta",5,90
"5812980222","KCab-m_R","kcabm","b","alphabeta",7,86
"1231735257","KCa'b'-ap2_R","kcabprimeap2","a","alphaprimebetaprime",3,58
"816263443","KCab-c_R","kcabc","b","alphabeta",4,25
"5813060812","KCg-m_R","kcg","c","gamma",8,130
"662094168","KCg-m_R","kcg","c","gamma",8,192
"631737164","KCg-m_R","kcg","d","gamma",9,198
"722821616","KCg-m_R","kcg","a","gamma",8,127
"1110985490","KCg-m_R","kcg","a","gamma",6,113
"1068276312","KCg-m_R","kcg","c","gamma",8,168
"753839564","KCg-m_R","kcg","b","gamma",6,130
"570742510","KCg-m_R","kcg","a","gamma",9,145
"5812981582","KCa'b'-ap2_R","kcabprimeap2","c","alphaprimebetaprime",4,70
"5813063449","KCab-c_R","kcabc","c","alphabeta",4,39
"5813077579","KCa'b'-ap2_R","kcabprimeap2","a","alphaprimebetaprime",3,36
"704409742","KCab-s_R","kcabs","c","alphabeta",6,125
"394397189","KCab-s_R","kcabs","b","alphabeta",6,95
"5812982403","KCg-m_R","kcg","c","gamma",7,164
"415908516","KCg-m_R","kcg","a","gamma",9,177
"5813033208","KCa'b'-ap2_R","kcabprimeap2","a","alphaprimebetaprime",5,78
"664187932","KCg-m_R","kcg","a","gamma",8,140
"602459169","KCg-m_R","kcg","a","gamma",6,107
"5812981227","KCg-m_R","kcg","a","gamma",10,197
"1234800242","KCg-m_R","kcg","a","gamma",7,96
"602809029","KCg-m_R","kcg","b","gamma",7,163
"1141346462","KCg-m_R","kcg","a","gamma",11,175
"5812981704","KCg-m_R","kcg","b","gamma",7,155
"893347461","KCa'b'-ap2_R","kcabprimeap2","c","alphaprimebetaprime",4,69
"847302850","KCg-m_R","kcg","a","gamma",9,128
"754197850","KCab-s_R","kcabs","b","alphabeta",6,86
"5813027704","KCg-m_R","kcg","c","gamma",9,128
"5813021304","KCab-s_R","kcabs","c","alphabeta",6,63
"519905418","KCab-s_R","kcabs","b","alphabeta",5,87
"5812981654","KCab-c_R","kcabc","c","alphabeta",4,70
"5813087798","KCg-m_R","kcg","c","gamma",7,129
"5813021452","KCg-m_R","kcg","b","gamma",7,148
"5812982520","KCab-c_R","kcabc","d","alphabeta",4,62
"5812982505","KCg-m_R","kcg","c","gamma",7,141
"5812983192","KCg-m_R","kcg","c","gamma",7,129
"5813077616","KCab-s_R","kcabs","b","alphabeta",7,88
"631733127","KCg-m_R","kcg","d","gamma",6,151
"692434135","KCg-m_R","kcg","c","gamma",8,184
"5813027400","KCg-m_R","kcg","c","gamma",11,169
"539949536","KCg-m_R","kcg","d","gamma",9,179
"5813022207","KCg-m_R","kcg","c","gamma",8,168
"5813021316","KCab-c_R","kcabc","c","alphabeta",6,39
"630722941","KCg-m_R","kcg","c","gamma",9,149
"784541854","KCg-m_R","kcg","b","gamma",6,147
"5812980588","KCg-m_R","kcg","c","gamma",7,97
"1265157632","KCg-m_R","kcg","c","gamma",8,184
"5813055889","KCab-s_R","kcabs","d","alphabeta",7,95
"5813078053","KCab-s_R","kcabs","c","alphabeta",4,87
"5813057210","KCg-m_R","kcg","c","gamma",7,142
"642335553","KCa'b'-m_R","kcabprimem","c","alphaprimebetaprime",7,106
"5813021401","KCab-s_R","kcabs","c","alphabeta",8,98
"394060556","KCab-s_R","kcabs","d","alphabeta",6,106
"5813128857","KCab-c_R","kcabc","c","alphabeta",6,95
"5812982602","KCg-m_R","kcg","c","gamma",7,149
"1143340753","KCg-m_R","kcg","c","gamma",7,168
"538602138","KCg-m_R","kcg","d","gamma",9,178
"1141010036","KCg-m_R","kcg","b","gamma",9,145
"425445301","KCab-c_R","kcabc","c","alphabeta",8,100
"363047222","KCab-s_R","kcabs","a","alphabeta",6,97
"5812981965","KCab-c_R","kcabc","d","alphabeta",3,41
"705774051","KCab-s_R","kcabs","d","alphabeta",7,92
"768184604","KCa'b'-ap2_R","kcabprimeap2","c","alphaprimebetaprime",6,106
"5813054342","KCab-s_R","kcabs","c","alphabeta",7,104
"5812981441","KCg-m_R","kcg","a","gamma",9,161
"1390618359","KCab-m_R","kcabm","d","alphabeta",5,75
"5812980590","KCab-c_R","kcabc","c","alphabeta",4,18
"600667501","KCab-s_R","kcabs","c","alphabeta",6,93
"1016122913","KCab-c_R","kcabc","d","alphabeta",5,36
"548894251","KCa'b'-m_R","kcabprimem","c","alphaprimebetaprime",7,63
"5813019774","KCab-c_R","kcabc","c","alphabeta",9,102
"722450065","KCg-m_R","kcg","c","gamma",7,139
"891301315","KCab-m_R","kcabm","c","alphabeta",4,89
"5812982577","KCg-m_R","kcg","c","gamma",10,145
"5812982530","KCg-m_R","kcg","c","gamma",7,174
"600693904","KCg-m_R","kcg","d","gamma",11,166
"5813067736","KCab-m_R","kcabm","d","alphabeta",5,75
"737150041","KCa'b'-ap2_R","kcabprimeap2","c","alphaprimebetaprime",6,81
"394414724","KCab-m_R","kcabm","b","alphabeta",7,81
"5812981154","KCg-m_R","kcg","c","gamma",7,120
"630381662","KCab-m_R","kcabm","c","alphabeta",6,80
"5813021447","KCab-c_R","kcabc","c","alphabeta",4,71
"5813021296","KCg-m_R","kcg","d","gamma",7,141
"5813053821","KCg-m_R","kcg","c","gamma",10,187
"5812981379","KCab-s_R","kcabs","c","alphabeta",7,72
"5813047220","KCa'b'-m_R","kcabprimem","c","alphaprimebetaprime",6,88
"5813080343","KCab-m_R","kcabm","c","alphabeta",6,87
"600684832","KCg-m_R","kcg","d","gamma",8,152
"5812980811","KCab-s_R","kcabs","c","alphabeta",6,72
"415848228","KCg-m_R","kcg","d","gamma",10,194
"662767770","KCg-m_R","kcg","d","gamma",6,173
"487847296","KCab-s_R","kcabs","c","alphabeta",6,86
"5812982390","KCab-m_R","kcabm","c","alphabeta",7,104
"1174008477","KCg-m_R","kcg","c","gamma",11,204
"508599211","KCg-m_R","kcg","d","gamma",11,192
"940425232","KCab-m_R","kcabm","a","alphabeta",2,40
"550599514","KCab-s_R","kcabs","a","alphabeta",6,95
"332349327","KCab-c_R","kcabc","a","alphabeta",5,90
"5812982329","KCa'b'-m_R","kcabprimem","a","alphaprimebetaprime",5,84
"973488234","KCg-m_R","kcg","a","gamma",8,129
"5812983869","KCa'b'-ap2_R","kcabprimeap2","a","alphaprimebetaprime",6,59
"5812982837","KCg-m_R","kcg","a","gamma",9,167
"940761352","KCab-c_R","kcabc","a","alphabeta",4,66
"723495119","KCg-m_R","kcg","c","gamma",12,135
"570742599","KCg-m_R","kcg","a","gamma",6,117
"923018290","KCab-m_R","kcabm","a","alphabeta",4,58
"891637860","KCab-c_R","kcabc","a","alphabeta",7,48
"663134970","KCg-m_R","kcg","a","gamma",8,140
"1069295816","KCg-m_R","kcg","b","gamma",8,173
"5812980209","KCab-m_R","kcabm","a","alphabeta",6,78
"581293182","KCab-m_R","kcabm","a","alphabeta",5,62
"1141972202","KCg-m_R","kcg","a","gamma",9,144
"1101353948","KCg-m_R","kcg","a","gamma",5,72
"5812982725","KCa'b'-m_R","kcabprimem","a","alphaprimebetaprime",4,50
"940752707","KCab-m_R","kcabm","a","alphabeta",6,77
"817985849","KCab-s_R","kcabs","a","alphabeta",4,50
"1141977071","KCg-m_R","kcg","a","gamma",9,145
"5813033144","KCg-m_R","kcg","b","gamma",10,131
"5813062617","KCg-m_R","kcg","a","gamma",11,192
"817299301","KCa'b'-m_R","kcabprimem","a","alphaprimebetaprime",5,40
"415835070","KCg-m_R","kcg","d","gamma",10,176
"1036559490","KCg-m_R","kcg","d","gamma",6,161
"539975118","KCg-m_R","kcg","d","gamma",9,205
"539983731","KCg-m_R","kcg","d","gamma",8,195
"5812983107","KCab-m_R","kcabm","c","alphabeta",5,68
"5813056120","KCg-m_R","kcg","b","gamma",9,121
"5813022203","KCg-m_R","kcg","c","gamma",9,172
"5813060811","KCg-m_R","kcg","a","gamma",8,165
"508292573","KCab-c_R","kcabc","c","alphabeta",4,52
"1003474283","KCg-m_R","kcg","c","gamma",11,179
"394768379","KCab-s_R","kcabs","c","alphabeta",7,104
"736808904","KCab-s_R","kcabs","c","alphabeta",8,120
"5812982562","KCg-m_R","kcg","c","gamma",8,160
"5813019772","KCab-c_R","kcabc","c","alphabeta",4,83
"5812981797","KCa'b'-m_R","kcabprimem","c","alphaprimebetaprime",6,103
"692119287","KCg-m_R","kcg","c","gamma",9,158
"1172730733","KCg-m_R","kcg","b","gamma",7,129
"425112506","KCab-s_R","kcabs","d","alphabeta",6,87
"661080007","KCa'b'-m_R","kcabprimem","c","alphaprimebetaprime",5,74
"612669205","KCab-s_R","kcabs","d","alphabeta",3,53
"1097265345","KCg-m_R","kcg","c","gamma",11,170
"5813067817","KCg-m_R","kcg","c","gamma",6,122
"692810011","KCg-m_R","kcg","a","gamma",14,188
"519218919","KCab-s_R","kcabs","b","alphabeta",6,76
"540730657","KCg-m_R","kcg","a","gamma",8,154
"1035562328","KCg-m_R","kcg","a","gamma",7,143
"5813110238","KCab-s_R","kcabs","c","alphabeta",5,76
"5812980378","KCab-s_R","kcabs","a","alphabeta",6,81
"5812983042","KCg-m_R","kcg","a","gamma",6,177
"663834152","KCg-m_R","kcg","a","gamma",9,144
"662806818","KCg-m_R","kcg","a","gamma",13,178
"477909698","KCg-m_R","kcg","d","gamma",12,204
"786929029","KCab-s_R","kcabs","b","alphabeta",7,98
"5813075855","KCg-m_R","kcg","c","gamma",10,227
"642680823","KCab-s_R","kcabs","b","alphabeta",6,106
"5813055924","KCg-m_R","kcg","c","gamma",9,161
"488184014","KCab-s_R","kcabs","d","alphabeta",9,124
"5813021289","KCg-m_R","kcg","c","gamma",9,166
"1142360528","KCg-m_R","kcg","c","gamma",11,207
"508599194","KCg-m_R","kcg","d","gamma",10,154
"426464004","KCab-s_R","kcabs","d","alphabeta",5,75
"661430179","KCg-m_R","kcg","c","gamma",8,118
"518882016","KCab-s_R","kcabs","b","alphabeta",6,94
"662081902","KCg-m_R","kcg","c","gamma",9,156
"5813022212","KCab-s_R","kcabs","c","alphabeta",7,99
"5813053937","KCg-m_R","kcg","a","gamma",11,196
"362701764","KCab-s_R","kcabs","c","alphabeta",6,89
"723849351","KCg-m_R","kcg","a","gamma",10,182
"5813021332","KCg-m_R","kcg","c","gamma",9,179
"600356751","KCg-m_R","kcg","c","gamma",8,156
"661766416","KCg-m_R","kcg","c","gamma",7,121
"332344670","KCab-c_R","kcabc","c","alphabeta",7,67
"5812983166","KCab-c_R","kcabc","d","alphabeta",5,66
"1164113870","KCg-m_R","kcg","a","gamma",10,199
"661421129","KCg-m_R","kcg","d","gamma",8,206
"674393414","KCa'b'-ap2_R","kcabprimeap2","d","alphaprimebetaprime",6,74
"612323667","KCa'b'-m_R","kcabprimem","a","alphaprimebetaprime",4,104
"860607480","KCab-c_R","kcabc","a","alphabeta",5,52
"693500652","KCg-m_R","kcg","a","gamma",9,181
"5813070581","KCg-m_R","kcg","b","gamma",10,146
"5813032694","KCab-m_R","kcabm","c","alphabeta",4,74
"425768822","KCab-s_R","kcabs","c","alphabeta",6,82
"970772961","KCab-c_R","kcabc","a","alphabeta",7,97
"5813062631","KCg-m_R","kcg","a","gamma",8,153
"692818786","KCg-m_R","kcg","a","gamma",7,100
"5813067765","KCg-m_R","kcg","c","gamma",6,174
"5813064793","KCg-m_R","kcg","a","gamma",8,189
"1141678931","KCg-m_R","kcg","c","gamma",9,181
"1141977014","KCg-m_R","kcg","a","gamma",9,183
"570742527","KCg-m_R","kcg","a","gamma",9,123
"5813062862","KCg-m_R","kcg","c","gamma",8,160
"456458549","KCab-s_R","kcabs","a","alphabeta",6,96
"5813099399","KCg-m_R","kcg","a","gamma",9,149
"5812980992","KCg-m_R","kcg","a","gamma",8,166
"939734122","KCab-s_R","kcabs","a","alphabeta",6,75
"1142658717","KCg-m_R","kcg","a","gamma",7,81
"549226277","KCa'b'-ap2_R","kcabprimeap2","a","alphaprimebetaprime",5,45
"548552915","KCa'b'-m_R","kcabprimem","a","alphaprimebetaprime",6,83
"767161652","KCab-m_R","kcabm","a","alphabeta",5,83
"5813027584","KCab-m_R","kcabm","a","alphabeta",4,67
"5813062645","KCg-m_R","kcg","a","gamma",10,147
"5812981553","KCa'b'-m_R","kcabprimem","a","alphaprimebetaprime",6,63
"735790008","KCab-s_R","kcabs","b","alphabeta",7,96
"5812982168","KCg-m_R","kcg","c","gamma",11,173
"799219511","KCa'b'-m_R","kcabprimem","c","alphaprimebetaprime",7,93
"861630613","KCa'b'-m_R","kcabprimem","c","alphaprimebetaprime",7,66
"5813021659","KCg-m_R","kcg","c","gamma",11,179
"1172044382","KCg-m_R","kcg","c","gamma",11,170
"1359212271","KCab-s_R","kcabs","c","alphabeta",7,91
"5813021786","KCa'b'-m_R","kcabprimem","c","alphaprimebetaprime",6,98
"1450011431","KCab-c_R","kcabc","c","alphabeta",6,67
"5812982471","KCab-s_R","kcabs","d","alphabeta",6,61
"5812981616","KCg-m_R","kcg","a","gamma",9,186
"571424323","KCg-m_R","kcg","a","gamma",11,165
"538951958","KCg-m_R","kcg","c","gamma",10,205
"5813077613","KCg-m_R","kcg","a","gamma",8,196
"5812981670","KCab-s_R","kcabs","c","alphabeta",6,87
"570336487","KCg-m_R","kcg","d","gamma",7,171
"5813063224","KCa'b'-ap2_R","kcabprimeap2","b","alphaprimebetaprime",3,43
"5813056383","KCg-m_R","kcg","c","gamma",6,126
"661430106","KCg-m_R","kcg","c","gamma",9,139
"1172713514","KCg-m_R","kcg","c","gamma",5,117
"5812982220","KCg-m_R","kcg","c","gamma",9,158
"1204784216","KCg-m_R","kcg","b","gamma",8,128
"5901202076","KCab-c_R","kcabc","c","alphabeta",4,77
"455793827","KCab-s_R","kcabs","b","alphabeta",3,59
"5813087831","KCab-c_R","kcabc","c","alphabeta",6,57
"1202737975","KCg-m_R","kcg","b","gamma",9,123
"1141682748","KCg-m_R","kcg","b","gamma",8,149
"1096919756","KCg-m_R","kcg","c","gamma",8,154
"722467632","KCg-m_R","kcg","b","gamma",9,187
"633148716","KCg-m_R","kcg","a","gamma",8,189
"973151229","KCg-m_R","kcg","a","gamma",10,154
"332690153","KCab-c_R","kcabc","a","alphabeta",5,89
"954730964","KCab-s_R","kcabs","c","alphabeta",6,114
"694524222","KCg-m_R","kcg","a","gamma",8,120
"1161731111","KCg-m_R","kcg","a","gamma",10,154
"571778433","KCg-m_R","kcg","a","gamma",6,147
"5813088767","KCab-s_R","kcabs","d","alphabeta",5,99
"848321392","KCab-c_R","kcabc","a","alphabeta",4,43
"1141631198","KCg-m_R","kcg","a","gamma",9,129
"5812982017","KCg-m_R","kcg","c","gamma",11,140
"5813060776","KCa'b'-ap2_R","kcabprimeap2","a","alphaprimebetaprime",5,79
"970777114","KCab-c_R","kcabc","a","alphabeta",6,40
"1140950118","KCg-m_R","kcg","a","gamma",8,138
"880383629","KCg-m_R","kcg","a","gamma",7,133
"1035557785","KCg-m_R","kcg","a","gamma",9,180
"5812981274","KCa'b'-ap2_R","kcabprimeap2","a","alphaprimebetaprime",5,36
"633149039","KCg-m_R","kcg","a","gamma",11,151
"488179585","KCab-s_R","kcabs","a","alphabeta",6,83
"940084011","KCab-m_R","kcabm","a","alphabeta",7,98
"5812979069","KCg-m_R","kcg","b","gamma",6,168
"674738872","KCa'b'-ap2_R","kcabprimeap2","b","alphaprimebetaprime",4,36
"846620223","KCab-s_R","kcabs","b","alphabeta",6,77
"1068958593","KCg-m_R","kcg","a","gamma",7,161
"1203709763","KCa'b'-m_R","kcabprimem","b","alphaprimebetaprime",4,37
"736813212","KCab-s_R","kcabs","b","alphabeta",5,88
"662107593","KCg-m_R","kcg","a","gamma",6,124
"630373497","KCab-s_R","kcabs","c","alphabeta",6,69
"415848195","KCg-m_R","kcg","d","gamma",8,213
"692430198","KCg-m_R","kcg","c","gamma",5,139
"5812979371","KCg-m_R","kcg","d","gamma",6,141
"5813032868","KCa'b'-ap2_R","kcabprimeap2","b","alphaprimebetaprime",5,74
"5812982999","KCg-m_R","kcg","b","gamma",6,136
"5813022119","KCg-m_R","kcg","b","gamma",7,148
"1141674495","KCg-m_R","kcg","b","gamma",8,121
"509013752","KCg-m_R","kcg","a","gamma",8,164
"1224137476","KCg-m_R","kcg","c","gamma",9,130
"5812981086","KCab-s_R","kcabs","c","alphabeta",5,71
"1141009899","KCg-m_R","kcg","b","gamma",7,139
"939729706","KCab-c_R","kcabc","b","alphabeta",5,45
"953029783","KCab-s_R","kcabs","d","alphabeta",5,101
"5813021301","KCab-s_R","kcabs","b","alphabeta",7,101
"5813022042","KCab-c_R","kcabc","c","alphabeta",3,98
"632082635","KCg-m_R","kcg","d","gamma",12,192
"570327880","KCg-m_R","kcg","d","gamma",12,189
"548885313","KCa'b'-ap2_R","kcabprimeap2","a","alphaprimebetaprime",6,67
"860607168","KCab-c_R","kcabc","a","alphabeta",5,46
"784844115","KC part due to gap","unknown",NA,"unknown",4,25
"5812983322","KCg-m_R","kcg","b","gamma",8,142
"332685751","KCab-c_R","kcabc","a","alphabeta",7,63
"848692583","KCg-m_R","kcg","b","gamma",8,109
"602459213","KCg-m_R","kcg","a","gamma",6,88
"662081640","KCg-m_R","kcg","c","gamma",9,137
"519573099","KCab-s_R","kcabs","b","alphabeta",6,65
"1080566792","KCa'b'-ap2_R","kcabprimeap2","b","alphaprimebetaprime",4,65
"601047826","KCg-m_R","kcg","c","gamma",10,165
"5813080766","KCg-m_R","kcg","d","gamma",8,165
"632402333","KCg-m_R","kcg","d","gamma",7,146
"487501700","KCab-s_R","kcabs","d","alphabeta",7,93
"5812983133","KCab-c_R","kcabc","d","alphabeta",4,78
"508949033","KCg-m_R","kcg","d","gamma",9,216
"508599271","KCg-m_R","kcg","d","gamma",12,200
"5813021736","KCa'b'-ap2_R","kcabprimeap2","d","alphaprimebetaprime",6,58
"5812981320","KCa'b'-ap2_R","kcabprimeap2","d","alphaprimebetaprime",5,66
"1173745411","KCg-m_R","kcg","a","gamma",9,153
"1173067651","KCg-m_R","kcg","c","gamma",7,116
"571424636","KCg-m_R","kcg","a","gamma",8,161
"5812983303","KCab-s_R","kcabs","b","alphabeta",5,75
"798537701","KCab-c_R","kcabc","a","alphabeta",4,20
"5813079050","KCg-m_R","kcg","b","gamma",5,91
"816276055","KCg-m_R","kcg","c","gamma",9,160
"425768768","KCab-s_R","kcabs","d","alphabeta",7,140
"632397750","KCg-m_R","kcg","d","gamma",9,205
"5813088058","KCab-s_R","kcabs","c","alphabeta",7,80
"5812981676","KCab-s_R","kcabs","d","alphabeta",5,113
"5813020132","KCg-m_R","kcg","d","gamma",8,200
"5813022049","KCab-m_R","kcabm","c","alphabeta",6,93
"693159855","KCab-s_R","kcabs","b","alphabeta",6,87
"1165465632","KCg-m_R","kcg","a","gamma",8,151
"5812981270","KCa'b'-ap2_R","kcabprimeap2","a","alphaprimebetaprime",4,75
"5812981717","KCg-m_R","kcg","a","gamma",8,186
"393387426","KCab-s_R","kcabs","d","alphabeta",5,119
"1068958652","KCg-m_R","kcg","a","gamma",9,175
"923018247","KCab-c_R","kcabc","c","alphabeta",4,36
"5813050765","KCa'b'-ap2_R","kcabprimeap2","d","alphaprimebetaprime",6,105
"415826533","KC part due to gap","unknown","d","unknown",4,109
"5813019763","KCab-s_R","kcabs","c","alphabeta",7,92
"5813056311","KCg-m_R","kcg","d","gamma",7,163
"508599276","KCg-m_R","kcg","d","gamma",6,130
"5813021386","KCab-s_R","kcabs","c","alphabeta",4,69
"1068272038","KCg-m_R","kcg","c","gamma",8,147
"5813093111","KCa'b'-ap2_R","kcabprimeap2","c","alphaprimebetaprime",5,74
"631055506","KCg-m_R","kcg","d","gamma",12,209
"603422422","KCab-s_R","kcabs","c","alphabeta",7,104
"799560834","KCa'b'-m_R","kcabprimem","c","alphaprimebetaprime",7,76
"5813069096","KCg-m_R","kcg","c","gamma",7,141
"508940291","KCg-m_R","kcg","d","gamma",8,167
"5812981796","KCa'b'-m_R","kcabprimem","d","alphaprimebetaprime",6,82
"5813090605","KCab-m_R","kcabm","c","alphabeta",5,63
"631059587","KCab-s_R","kcabs","c","alphabeta",7,95
"508940292","KC part due to gap","unknown","d","unknown",4,134
"1169661785","KCa'b'-ap2_R","kcabprimeap2","d","alphaprimebetaprime",4,43
"1261989183","KCab-s_R","kcabs","c","alphabeta",6,110
"5813054086","KCg-m_R","kcg","c","gamma",9,145
"508939879","KCg-m_R","kcg","d","gamma",6,118
"630381893","KCg-m_R","kcg","c","gamma",8,123
"5812981467","KCg-m_R","kcg","d","gamma",7,183
"569334986","KCab-c_R","kcabc","c","alphabeta",4,55
"362689128","KCab-s_R","kcabs","c","alphabeta",7,108
"5813068969","KCg-m_R","kcg","c","gamma",7,150
"753489735","KCab-c_R","kcabc","c","alphabeta",6,50
"5812982492","KCg-m_R","kcg","c","gamma",9,182
"5813055914","KCab-s_R","kcabs","b","alphabeta",6,119
"631400622","KCg-m_R","kcg","d","gamma",10,213
"5813022175","KCab-m_R","kcabm","c","alphabeta",6,99
"5813067795","KCg-m_R","kcg","d","gamma",8,152
"363716362","KCab-m_R","kcabm","c","alphabeta",4,102
"754538763","KCab-c_R","kcabc","b","alphabeta",5,22
"633148704","KCg-m_R","kcg","a","gamma",7,176
"663493162","KCg-m_R","kcg","a","gamma",13,187
"972128731","KCg-m_R","kcg","a","gamma",7,123
"1173347968","KCa'b'-ap2_R","kcabprimeap2","b","alphaprimebetaprime",3,37
"736126732","KCab-m_R","kcabm","a","alphabeta",4,81
"363038752","KCab-c_R","kcabc","a","alphabeta",4,42
"5812979016","KCg-m_R","kcg","b","gamma",6,151
"940425171","KCab-s_R","kcabs","a","alphabeta",5,101
"363375247","KCab-c_R","kcabc","b","alphabeta",4,26
"5812980397","KCab-s_R","kcabs","b","alphabeta",6,62
"5812980597","KCab-c_R","kcabc","b","alphabeta",4,39
"5812980537","KCg-m_R","kcg","b","gamma",9,133
"724142845","KCg-m_R","kcg","c","gamma",7,121
"5812979015","KCg-m_R","kcg","a","gamma",8,140
"1077851524","KCab-c_R","kcabc","c","alphabeta",5,68
"301318641","KCab-c_R","kcabc","a","alphabeta",4,56
"5812982547","KCg-t_R","kcgt","a","gamma",1,51
"488533722","KCab-s_R","kcabs","c","alphabeta",6,101
"5812981924","KCg-m_R","kcg","b","gamma",7,164
"5812981971","KCab-s_R","kcabs","d","alphabeta",5,99
"768525608","KCa'b'-ap2_R","kcabprimeap2","c","alphaprimebetaprime",5,117
"5812982426","KCab-m_R","kcabm","d","alphabeta",4,84
"509264220","KCg-m_R","kcg","d","gamma",8,197
"1420966843","KCab-s_R","kcabs","c","alphabeta",6,83
"662711769","KC part due to gap","unknown","d","unknown",5,95
"5812980569","KCab-c_R","kcabc","c","alphabeta",5,113
"753489892","KCab-c_R","kcabc","c","alphabeta",6,37
"5813022060","KCg-m_R","kcg","c","gamma",11,208
"569278689","KC part due to gap","unknown","d","unknown",1,20
"5901193485","KCg-m_R","kcg","c","gamma",10,158
"5813093014","KCg-m_R","kcg","d","gamma",7,204
"5813033059","KCg-m_R","kcg","b","gamma",9,145
"1078534115","KCab-s_R","kcabs","c","alphabeta",6,103
"693116214","KC part due to gap","unknown",NA,"unknown",6,35
"570997147","KCg-m_R","kcg","d","gamma",10,171
"5813057227","KCa'b'-m_R","kcabprimem","d","alphaprimebetaprime",6,69
"5812981970","KCab-c_R","kcabc","d","alphabeta",7,63
"363384090","KCab-m_R","kcabm","d","alphabeta",4,79
"1079215685","KCa'b'-ap2_R","kcabprimeap2","d","alphaprimebetaprime",7,104
"860266309","KCab-m_R","kcabm","d","alphabeta",6,114
"549576117","KCab-m_R","kcabm","c","alphabeta",4,89
"5812981581","KCa'b'-ap2_R","kcabprimeap2","d","alphaprimebetaprime",6,57
"5812982529","KCg-m_R","kcg","d","gamma",9,191
"785198372","KCab-m_R","kcabm","d","alphabeta",6,106
"1016459595","KCab-m_R","kcabm","d","alphabeta",4,94
"364070517","KCab-m_R","kcabm","c","alphabeta",5,85
"425104113","KCab-m_R","kcabm","d","alphabeta",3,63
"5812980599","KCab-m_R","kcabm","d","alphabeta",6,95
"5812981136","KCab-s_R","kcabs","c","alphabeta",5,80
"631728731","KC part due to gap","unknown",NA,"unknown",5,83
"1047835635","KCa'b'-m_R","kcabprimem","d","alphaprimebetaprime",5,101
"693116396","KCab-c_R","kcabc","d","alphabeta",5,36
"478250407","KCg-m_R","kcg","d","gamma",11,190
"5813077582","KCa'b'-ap2_R","kcabprimeap2","d","alphaprimebetaprime",5,93
"548553386","KCa'b'-m_R","kcabprimem","d","alphaprimebetaprime",4,78
"426139965","KCab-s_R","kcabs","d","alphabeta",5,111
"704750766","KCab-m_R","kcabm","d","alphabeta",9,116
"5813035558","KCab-s_R","kcabs","d","alphabeta",7,90
"5812982145","KCa'b'-m_R","kcabprimem","c","alphaprimebetaprime",4,92
"5813032782","KCg-m_R","kcg","c","gamma",13,168
"5812981961","KCa'b'-ap2_R","kcabprimeap2","d","alphaprimebetaprime",4,112
"753489951","KCab-c_R","kcabc","c","alphabeta",8,98
"599674785","KCab-m_R","kcabm","c","alphabeta",5,88
"662409505","KCa'b'-m_R","kcabprimem","d","alphaprimebetaprime",8,76
"754154720","KC part due to gap","unknown",NA,"unknown",3,43
"723810015","KC part due to gap","unknown",NA,"unknown",3,17
"601302278","KC part due to gap","unknown","d","unknown",4,56
"394759626","KCab-c_R","kcabc","d","alphabeta",6,76
"631400693","KCg-m_R","kcg","c","gamma",10,182
"5813021303","KCab-s_R","kcabs","d","alphabeta",7,99
"5812983427","KCab-c_R","kcabc","b","alphabeta",5,67
"5813068743","KCab-s_R","kcabs","b","alphabeta",6,82
"5812980618","KCab-s_R","kcabs","b","alphabeta",6,87
"5812982876","KCg-m_R","kcg","b","gamma",6,154
"724531411","KCg-m_R","kcg","a","gamma",10,170
"754202022","KCg-m_R","kcg","b","gamma",7,143
"815926323","KCab-c_R","kcabc","b","alphabeta",3,34
"1141342299","KCg-m_R","kcg","a","gamma",9,143
"1172363878","KCg-m_R","kcg","b","gamma",9,159
"5813110639","KCg-m_R","kcg","b","gamma",10,163
"5812980931","KCab-s_R","kcabs","c","alphabeta",5,73
"633144545","KCg-m_R","kcg","a","gamma",7,138
"939742609","KCab-c_R","kcabc","a","alphabeta",6,54
"1327494939","KCab-s_R","kcabs","a","alphabeta",6,83
"662452625","KCg-m_R","kcg","a","gamma",6,130
"5812982371","KCg-m_R","kcg","b","gamma",8,150
"909730907","KCab-s_R","kcabs","a","alphabeta",8,94
"5813047676","KCa'b'-ap2_R","kcabprimeap2","b","alphaprimebetaprime",5,59
"662461539","KCg-m_R","kcg","a","gamma",8,151
"456808311","KCab-s_R","kcabs","a","alphabeta",5,51
"477909679","KCg-m_R","kcg","d","gamma",10,153
"540730639","KCg-m_R","kcg","a","gamma",7,129
"798192162","KCab-c_R","kcabc","a","alphabeta",4,70
"847293869","KCab-s_R","kcabs","b","alphabeta",8,95
"363725228","KCab-m_R","kcabm","c","alphabeta",4,64
"5812982589","KCg-m_R","kcg","d","gamma",8,139
"1068613231","KCg-m_R","kcg","a","gamma",7,177
"661084049","KCg-m_R","kcg","c","gamma",9,177
"5812981327","KCa'b'-ap2_R","kcabprimeap2","d","alphaprimebetaprime",6,111
"1141337518","KCg-m_R","kcg","c","gamma",9,136
"985429128","KCab-m_R","kcabm","d","alphabeta",4,98
"664141134","KCg-m_R","kcg","c","gamma",8,134
"632397780","KCg-m_R","kcg","d","gamma",9,161
"705091521","KCab-m_R","kcabm","d","alphabeta",6,77
"5813084692","KCg-m_R","kcg","c","gamma",10,188
"756567539","KCab-m_R","kcabm","d","alphabeta",5,80
"5813020047","KCa'b'-ap2_R","kcabprimeap2","c","alphaprimebetaprime",6,72
"569650323","KCg-m_R","kcg","c","gamma",6,129
"630377642","KCab-m_R","kcabm","c","alphabeta",4,60
"331999213","KCab-s_R","kcabs","c","alphabeta",6,84
"5813021311","KCab-m_R","kcabm","d","alphabeta",9,96
"661407917","KCa'b'-m_R","kcabprimem","c","alphaprimebetaprime",7,81
"5812982252","KCg-m_R","kcg","c","gamma",8,120
"487489064","KCa'b'-ap2_R","kcabprimeap2","b","alphaprimebetaprime",2,33
"755544921","KCg-m_R","kcg","b","gamma",7,107
"5813021251","KCab-s_R","kcabs","a","alphabeta",7,78
"877992303","KCab-m_R","kcabm","b","alphabeta",6,62
"674056882","KCab-m_R","kcabm","a","alphabeta",6,69
"724522447","KCg-m_R","kcg","b","gamma",6,148
"5812980370","KCab-c_R","kcabc","b","alphabeta",3,52
"909026561","KCab-m_R","kcabm","b","alphabeta",6,90
"736463614","KCab-m_R","kcabm","b","alphabeta",6,93
"5813022117","KCa'b'-ap2_R","kcabprimeap2","b","alphaprimebetaprime",6,92
"797855394","KCab-m_R","kcabm","a","alphabeta",5,58
"674056647","KCab-m_R","kcabm","b","alphabeta",4,75
"848666776","KCab-m_R","kcabm","b","alphabeta",6,88
"5812983575","KCab-c_R","kcabc","b","alphabeta",6,33
"939733918","KCa'b'-m_R","kcabprimem","a","alphaprimebetaprime",7,52
"579928928","KCa'b'-m_R","kcabprimem","a","alphaprimebetaprime",4,37
"5812980404","KCab-s_R","kcabs","b","alphabeta",6,74
"768184623","KCa'b'-m_R","kcabprimem","b","alphaprimebetaprime",4,57
"301309622","KCab-c_R","kcabc","a","alphabeta",4,38
"940084095","KCab-c_R","kcabc","a","alphabeta",6,45
"939738376","KCab-s_R","kcabs","a","alphabeta",6,91
"673370525","KCa'b'-m_R","kcabprimem","a","alphaprimebetaprime",4,27
"1046812283","KCab-m_R","kcabm","a","alphabeta",6,105
"5812983023","KCab-m_R","kcabm","d","alphabeta",5,92
"5812983323","KCg-m_R","kcg","d","gamma",6,91
"5813021363","KCg-m_R","kcg","c","gamma",10,162
"1174384118","KCg-m_R","kcg","c","gamma",8,172
"569943419","KCab-m_R","kcabm","d","alphabeta",4,89
"923700162","KCa'b'-m_R","kcabprimem","d","alphaprimebetaprime",2,36
"5813019982","KCg-m_R","kcg","d","gamma",8,179
"5812981072","KCa'b'-m_R","kcabprimem","c","alphaprimebetaprime",4,45
"736808522","KCa'b'-ap2_R","kcabprimeap2","d","alphaprimebetaprime",7,85
"724816217","KC part due to gap","unknown",NA,"unknown",5,47
"331662717","KCab-s_R","kcabs","c","alphabeta",6,103
"5812983028","KCab-m_R","kcabm","d","alphabeta",4,88
"631051012","KCab-s_R","kcabs","d","alphabeta",4,80
"632017828","KC part due to gap","unknown","d","unknown",1,12
"5812980579","KCg-m_R","kcg","c","gamma",10,190
"5813040887","KC part due to gap","unknown",NA,"unknown",5,23
"724134138","KCab-m_R","kcabm","d","alphabeta",4,57
"5812982389","KCab-m_R","kcabm","c","alphabeta",5,96
"5812982205","KCg-m_R","kcg","d","gamma",8,107
"5813021471","KCab-c_R","kcabc","c","alphabeta",5,83
"5813021766","KCa'b'-ap2_R","kcabprimeap2","c","alphaprimebetaprime",5,64
"5813032245","KCab-c_R","kcabc","c","alphabeta",4,27
"456134692","KCab-s_R","kcabs","c","alphabeta",7,92
"1141972158","KCg-m_R","kcg","a","gamma",9,148
"829572451","KCab-c_R","kcabc","c","alphabeta",5,32
"1111278454","KCg-m_R","kcg","a","gamma",10,208
"5812981679","KCab-s_R","kcabs","c","alphabeta",5,70
"673366263","KCa'b'-ap2_R","kcabprimeap2","a","alphaprimebetaprime",5,54
"1173054679","KCg-m_R","kcg","a","gamma",8,140
"5813021294","KCg-m_R","kcg","c","gamma",10,226
"518873469","KCab-s_R","kcabs","a","alphabeta",5,85
"363042781","KCab-m_R","kcabm","c","alphabeta",6,88
"5813065443","KCab-s_R","kcabs","c","alphabeta",4,98
"5812980944","KCab-s_R","kcabs","d","alphabeta",5,95
"507243409","KCab-c_R","kcabc","c","alphabeta",6,84
"5901198074","KCg-m_R","kcg","c","gamma",10,195
"1140603698","KCab-s_R","kcabs","d","alphabeta",6,113
"704750665","KCab-m_R","kcabm","c","alphabeta",6,86
"5812979176","KCg-m_R","kcg","c","gamma",7,150
"1515418525","KCa'b'-m_R","kcabprimem","d","alphaprimebetaprime",4,60
"5813021400","KCab-m_R","kcabm","c","alphabeta",5,77
"1162063500","KCab-m_R","kcabm","c","alphabeta",5,76
"1174077762","KCg-m_R","kcg","c","gamma",6,181
"538653955","KCab-c_R","kcabc","c","alphabeta",6,104
"354775482","KCg-m_R","kcg","d","gamma",7,149
"5813062637","KCg-m_R","kcg","c","gamma",9,189
"5813098738","KCab-s_R","kcabs","d","alphabeta",3,46
"610618198","KCa'b'-m_R","kcabprimem","c","alphaprimebetaprime",6,83
"1048854479","KCa'b'-ap2_R","kcabprimeap2","a","alphaprimebetaprime",6,94
"446848967","KCg-m_R","kcg","d","gamma",11,204
"631064055","KCg-m_R","kcg","c","gamma",9,170
"600689582","KC part due to gap","unknown","d","unknown",1,11
"939729237","KCab-s_R","kcabs","a","alphabeta",7,118
"1142024290","KCg-m_R","kcg","c","gamma",7,127
"5813021415","KCg-m_R","kcg","b","gamma",7,153
"5812981986","KCg-m_R","kcg","c","gamma",9,142
"1110937445","KCg-m_R","kcg","a","gamma",9,211
"394081878","KCab-s_R","kcabs","b","alphabeta",5,77
"630373425","KCab-c_R","kcabc","c","alphabeta",5,83
"1141290695","KCg-m_R","kcg","a","gamma",11,190
"5812979128","KCg-m_R","kcg","a","gamma",10,149
"332344760","KCab-c_R","kcabc","a","alphabeta",5,41
"5812982466","KCab-s_R","kcabs","b","alphabeta",6,87
"1203420037","KCg-m_R","kcg","a","gamma",6,131
"5812980432","KCab-c_R","kcabc","a","alphabeta",5,65
"332003629","KCab-m_R","kcabm","b","alphabeta",3,64
"939734266","KCab-m_R","kcabm","a","alphabeta",5,64
"881057369","KCg-m_R","kcg","b","gamma",2,35
"549916869","KCab-m_R","kcabm","b","alphabeta",6,89
"940079513","KCab-m_R","kcabm","a","alphabeta",6,84
"580598373","KCa'b'-ap2_R","kcabprimeap2","b","alphaprimebetaprime",5,63
"363038831","KCab-m_R","kcabm","b","alphabeta",4,73
"5812982086","KCa'b'-m_R","kcabprimem","b","alphaprimebetaprime",5,79
"580611301","KCab-m_R","kcabm","b","alphabeta",6,92
"798537392","KCab-c_R","kcabc","a","alphabeta",3,32
"673029543","KCa'b'-m_R","kcabprimem","b","alphaprimebetaprime",9,63
"911400981","KCab-c_R","kcabc","b","alphabeta",3,36
"5813091313","KCab-m_R","kcabm","a","alphabeta",5,60
"5812981619","KCab-m_R","kcabm","b","alphabeta",4,74
"363029976","KCab-m_R","kcabm","a","alphabeta",7,88
"5813078507","KCab-s_R","kcabs","b","alphabeta",5,79
"847989021","KCab-m_R","kcabm","a","alphabeta",6,65
"909026992","KCab-m_R","kcabm","b","alphabeta",3,25
"5812982421","KCg-m_R","kcg","b","gamma",8,176
"5812981569","KCa'b'-m_R","kcabprimem","b","alphaprimebetaprime",4,54
"5813021989","KCab-c_R","kcabc","c","alphabeta",2,56
"363034174","KCab-m_R","kcabm","d","alphabeta",5,71
"953712141","KCab-m_R","kcabm","c","alphabeta",3,59
"5812983131","KCab-m_R","kcabm","d","alphabeta",5,64
"394073547","KCab-m_R","kcabm","c","alphabeta",5,69
"5812980892","KCab-m_R","kcabm","c","alphabeta",3,78
"693099064","KCab-m_R","kcabm","d","alphabeta",5,76
"5813062830","KCab-c_R","kcabc","c","alphabeta",3,57
"5812980806","KCab-m_R","kcabm","d","alphabeta",5,76
"332008082","KCab-m_R","kcabm","d","alphabeta",6,82
"5812981853","KCab-m_R","kcabm","c","alphabeta",3,40
"662728826","KCab-m_R","kcabm","d","alphabeta",6,99
"848287126","KCab-c_R","kcabc","b","alphabeta",4,32
"394077610","KCab-m_R","kcabm","d","alphabeta",2,33
"704742082","KCa'b'-m_R","kcabprimem","c","alphaprimebetaprime",5,99
"755173211","KC part due to gap","unknown",NA,"unknown",4,20
"755868550","KCab-c_R","kcabc","d","alphabeta",4,35
"5812983106","KCab-m_R","kcabm","c","alphabeta",4,62
"5813114253","KCab-m_R","kcabm","d","alphabeta",5,77
"784844112","KCab-c_R","kcabc","d","alphabeta",4,45
"517871837","KCa'b'-m_R","kcabprimem","a","alphaprimebetaprime",6,99
"910063154","KCab-m_R","kcabm","b","alphabeta",4,82
"5813060614","KCab-s_R","kcabs","b","alphabeta",5,88
"5812983745","KCab-c_R","kcabc","a","alphabeta",3,35
"5812979177","KCg-m_R","kcg","a","gamma",5,122
"723848801","KCg-m_R","kcg","a","gamma",7,144
"5812981816","KCa'b'-m_R","kcabprimem","a","alphaprimebetaprime",4,73
"849685478","KCab-m_R","kcabm","a","alphabeta",5,87
"736126746","KCab-m_R","kcabm","b","alphabeta",4,73
"5812982795","KC part due to gap","unknown",NA,"unknown",3,28
"363724996","KCab-c_R","kcabc","d","alphabeta",6,87
"5813021647","KCab-m_R","kcabm","d","alphabeta",4,65
"5812980212","KCab-m_R","kcabm","d","alphabeta",4,69
"5812981962","KC part due to gap","unknown",NA,"unknown",4,43
"5812981951","KCg-m_R","kcg","d","gamma",9,174
"5812980787","KCab-m_R","kcabm","d","alphabeta",5,82
"798196461","KCab-c_R","kcabc","d","alphabeta",6,65
"611646132","KCab-s_R","kcabs","a","alphabeta",6,95
"5812982192","KCab-m_R","kcabm","d","alphabeta",7,108
"1047157746","KCab-m_R","kcabm","c","alphabeta",6,98
"662772373","KCab-m_R","kcabm","d","alphabeta",4,74
"909372602","KCab-m_R","kcabm","a","alphabeta",4,76
"1236816635","KCg-m_R","kcg","a","gamma",4,78
"457507485","KCab-s_R","kcabs","a","alphabeta",6,82
"363724985","KCab-c_R","kcabc","a","alphabeta",4,51
"736467526","KCab-m_R","kcabm","a","alphabeta",4,77
"5813021379","KCg-m_R","kcg","a","gamma",8,142
"878333333","KCab-m_R","kcabm","b","alphabeta",6,85
"332685755","KCab-c_R","kcabc","a","alphabeta",6,96
"754188980","KCg-m_R","kcg","b","gamma",9,143
"704750673","KCab-m_R","kcabm","a","alphabeta",4,100
"5812981068","KCa'b'-ap2_R","kcabprimeap2","a","alphaprimebetaprime",6,93
"815580911","KCg-m_R","kcg","b","gamma",6,133
"954053251","KCab-c_R","kcabc","d","alphabeta",6,76
"1078534091","KCab-s_R","kcabs","c","alphabeta",4,64
"5813021382","KCg-m_R","kcg","c","gamma",10,198
"1202673723","KCa'b'-ap2_R","kcabprimeap2","c","alphaprimebetaprime",5,58
"363375475","KCab-c_R","kcabc","a","alphabeta",2,16
"785918963","KCg-t_R","kcgt","b","gamma",2,41
"446533552","KCg-m_R","kcg","d","gamma",9,171
"5813032900","KCa'b'-ap2_R","kcabprimeap2","d","alphaprimebetaprime",5,94
"5813057191","KCg-m_R","kcg","d","gamma",9,180
"736117977","KCa'b'-m_R","kcabprimem","d","alphaprimebetaprime",5,82
"5812981706","KCg-m_R","kcg","d","gamma",9,254
"5813054343","KCab-s_R","kcabs","a","alphabeta",6,88
"456121649","KCab-s_R","kcabs","c","alphabeta",5,97
"548898403","KCa'b'-m_R","kcabprimem","c","alphaprimebetaprime",7,100
"5813095018","KCa'b'-ap2_R","kcabprimeap2","d","alphaprimebetaprime",5,73
"797514653","KCab-m_R","kcabm","a","alphabeta",4,57
"860266014","KCab-m_R","kcabm","a","alphabeta",4,73
"1003478461","KCg-m_R","kcg","c","gamma",8,132
"5813081797","KCab-s_R","kcabs","b","alphabeta",7,82
"364411143","KCab-s_R","kcabs","a","alphabeta",7,89
"5812980398","KCab-s_R","kcabs","b","alphabeta",6,74
"5813095238","KCab-m_R","kcabm","b","alphabeta",5,83
"891642345","KCab-c_R","kcabc","a","alphabeta",4,63
"5812980428","KCab-s_R","kcabs","b","alphabeta",7,106
"911094343","KCab-m_R","kcabm","a","alphabeta",5,76
"939738399","KCab-m_R","kcabm","a","alphabeta",6,66
"1327831724","KCa'b'-m_R","kcabprimem","a","alphaprimebetaprime",4,66
"877992236","KCab-m_R","kcabm","b","alphabeta",2,47
"908685859","KCab-m_R","kcabm","b","alphabeta",4,74
"5812983328","KCab-c_R","kcabc","a","alphabeta",4,44
"940075464","KCab-m_R","kcabm","b","alphabeta",4,66
"5812983309","KCab-c_R","kcabc","b","alphabeta",3,23
"5812983866","KCa'b'-m_R","kcabprimem","b","alphaprimebetaprime",4,48
"1172372291","KCg-m_R","kcg","b","gamma",5,87
"908685688","KCab-m_R","kcabm","b","alphabeta",5,77
"768184496","KCa'b'-m_R","kcabprimem","b","alphaprimebetaprime",5,40
"735785639","KCab-c_R","kcabc","b","alphabeta",5,62
"940084060","KCab-m_R","kcabm","a","alphabeta",3,70
"5813020274","KCab-m_R","kcabm","c","alphabeta",5,88
"5813056121","KCg-m_R","kcg","c","gamma",8,160
"5812982429","KCa'b'-m_R","kcabprimem","c","alphaprimebetaprime",8,92
"537945877","KCab-c_R","kcabc","c","alphabeta",3,54
"5813095915","KCg-m_R","kcg","d","gamma",8,169
"601319398","KCab-m_R","kcabm","d","alphabeta",3,79
"5812981038","KCg-m_R","kcg","d","gamma",5,84
"538908474","KCab-m_R","kcabm","d","alphabeta",3,75
"5813089804","KCab-m_R","kcabm","d","alphabeta",3,44
"5812981667","KCab-m_R","kcabm","c","alphabeta",5,98
"507592981","KCab-m_R","kcabm","c","alphabeta",5,101
"1046816660","KCab-c_R","kcabc","c","alphabeta",6,49
"5812981390","KCab-m_R","kcabm","c","alphabeta",5,92
"1108541296","KCab-m_R","kcabm","c","alphabeta",6,92
"674398014","KCab-m_R","kcabm","d","alphabeta",7,86
"5812980393","KC part due to gap","unknown",NA,"unknown",5,40
"5813021642","KCa'b'-m_R","kcabprimem","c","alphaprimebetaprime",6,85
"5813056372","KCa'b'-m_R","kcabprimem","d","alphaprimebetaprime",4,70
"415511327","KCg-m_R","kcg","d","gamma",7,162
"549567614","KCa'b'-ap2_R","kcabprimeap2","d","alphaprimebetaprime",4,57
"724138359","KC part due to gap","unknown",NA,"unknown",3,64
"5813116530","KC part due to gap","unknown",NA,"unknown",5,31
"5813035612","KCg-m_R","kcg","b","gamma",6,158
"5813060798","KCg-m_R","kcg","b","gamma",6,109
"5812983101","KCg-m_R","kcg","b","gamma",9,164
"301314150","KCab-c_R","kcabc","b","alphabeta",4,62
"1173063302","KCg-m_R","kcg","b","gamma",6,107
"5812983200","KCg-m_R","kcg","b","gamma",9,177
"5813033277","KCab-m_R","kcabm","b","alphabeta",5,69
"722471778","KCg-m_R","kcg","c","gamma",9,116
"5813033267","KCab-m_R","kcabm","b","alphabeta",4,73
"5813021464","KCab-s_R","kcabs","b","alphabeta",5,89
"815926346","KCab-c_R","kcabc","b","alphabeta",3,50
"767502639","KCab-c_R","kcabc","b","alphabeta",6,24
"859925004","KCab-m_R","kcabm","a","alphabeta",5,59
"5813058215","KCa'b'-ap2_R","kcabprimeap2","b","alphaprimebetaprime",3,32
"846616159","KCab-m_R","kcabm","b","alphabeta",5,89
"5813078179","KCa'b'-ap2_R","kcabprimeap2","b","alphaprimebetaprime",5,52
"5813057239","KCa'b'-m_R","kcabprimem","b","alphaprimebetaprime",5,75
"364070309","KCab-c_R","kcabc","b","alphabeta",3,15
"754525744","KCa'b'-ap2_R","kcabprimeap2","b","alphaprimebetaprime",3,43
"5813079174","KCab-m_R","kcabm","b","alphabeta",5,58
"846616006","KCab-c_R","kcabc","b","alphabeta",3,21
"815585355","KCab-c_R","kcabc","b","alphabeta",3,31
"332353336","KCab-m_R","kcabm","b","alphabeta",6,80
"704750475","KCab-s_R","kcabs","a","alphabeta",5,80
"1129323248","KCg-m_R","kcg","c","gamma",10,197
"5812983043","KCg-m_R","kcg","c","gamma",5,120
"631051057","KCg-m_R","kcg","d","gamma",11,208
"631737380","KCg-m_R","kcg","c","gamma",8,160
"1130687130","KCab-s_R","kcabs","d","alphabeta",8,121
"5813060774","KCa'b'-ap2_R","kcabprimeap2","d","alphaprimebetaprime",6,96
"5812982374","KCab-s_R","kcabs","c","alphabeta",6,92
"662089919","KC part due to gap","unknown",NA,"unknown",4,72
"5812981401","KCa'b'-m_R","kcabprimem","d","alphaprimebetaprime",6,90
"477262101","KCab-c_R","kcabc","c","alphabeta",3,31
"5812982760","KCab-c_R","kcabc","c","alphabeta",5,33
"5813059951","KCa'b'-ap2_R","kcabprimeap2","a","alphaprimebetaprime",7,76
"766820559","KCab-m_R","kcabm","a","alphabeta",4,77
"693500431","KCg-m_R","kcg","a","gamma",8,161
"5812981333","KCa'b'-ap2_R","kcabprimeap2","a","alphaprimebetaprime",5,87
"724867606","KCg-m_R","kcg","a","gamma",7,137
"1203424360","KCg-m_R","kcg","a","gamma",9,132
"1141976953","KCg-m_R","kcg","a","gamma",8,135
"631374662","KC part due to gap","unknown","c","unknown",5,72
"630722830","KCab-s_R","kcabs","d","alphabeta",4,81
"5813033127","KCa'b'-ap2_R","kcabprimeap2","d","alphaprimebetaprime",4,57
"570643135","KCg-m_R","kcg","d","gamma",8,131
"5813032771","KCg-s2(super)_R","kcgs","d","gamma",3,0
"5812982420","KCg-m_R","kcg","d","gamma",11,111
"5812979175","KCg-m_R","kcg","b","gamma",5,75
"941102504","KCab-m_R","kcabm","a","alphabeta",5,92
"332344539","KCab-c_R","kcabc","a","alphabeta",4,14
"767502667","KCab-c_R","kcabc","a","alphabeta",4,43
"5813021848","KCa'b'-ap2_R","kcabprimeap2","b","alphaprimebetaprime",6,67
"5812982874","KCg-t_R","kcgt","a","gamma",5,71
"877982991","KCab-c_R","kcabc","b","alphabeta",5,52
"1141290835","KCg-m_R","kcg","c","gamma",6,103
"5812983423","KCab-m_R","kcabm","b","alphabeta",6,78
"5812981602","KCa'b'-ap2_R","kcabprimeap2","b","alphaprimebetaprime",6,46
"5812982875","KCg-m_R","kcg","c","gamma",9,157
"5812982620","KCg-m_R","kcg","a","gamma",7,143
"829231385","KCab-m_R","kcabm","a","alphabeta",4,48
"846952407","KCab-m_R","kcabm","b","alphabeta",4,64
"455793621","KCab-s_R","kcabs","b","alphabeta",7,86
"5812983861","KCab-m_R","kcabm","a","alphabeta",6,82
"909730911","KCab-m_R","kcabm","a","alphabeta",5,97
"630727056","KCg-m_R","kcg","b","gamma",9,184
"5812981960","KCa'b'-m_R","kcabprimem","a","alphaprimebetaprime",5,91
"5812982832","KCg-m_R","kcg","a","gamma",12,158
"517850316","KCa'b'-ap2_R","kcabprimeap2","b","alphaprimebetaprime",5,54
"1004527691","KCg-m_R","kcg","a","gamma",6,119
"633148859","KCg-m_R","kcg","a","gamma",9,193
"416837168","KCg-m_R","kcg","d","gamma",10,242
"5812982506","KCg-m_R","kcg","d","gamma",8,141
"661399477","KCg-m_R","kcg","d","gamma",7,143
"5812982372","KCab-m_R","kcabm","c","alphabeta",5,90
"724488194","KC part due to gap","unknown",NA,"unknown",3,22
"5813054643","KCab-m_R","kcabm","d","alphabeta",5,86
"5813053886","KCg-m_R","kcg","d","gamma",8,185
"693785740","KC part due to gap","unknown",NA,"unknown",7,92
"5812981607","KCab-s_R","kcabs","d","alphabeta",7,91
"5812981290","KCa'b'-ap2_R","kcabprimeap2","d","alphaprimebetaprime",2,52
"860266377","KCab-c_R","kcabc","a","alphabeta",5,70
"940420292","KCa'b'-m_R","kcabprimem","a","alphaprimebetaprime",5,46
"549576424","KCab-m_R","kcabm","a","alphabeta",4,74
"363370913","KCab-m_R","kcabm","a","alphabeta",3,40
"860607450","KCab-c_R","kcabc","a","alphabeta",4,29
"393736822","KCab-m_R","kcabm","b","alphabeta",6,104
"5812982706","KCa'b'-m_R","kcabprimem","a","alphaprimebetaprime",6,67
"849370246","KCab-s_R","kcabs","a","alphabeta",4,85
"736467640","KCab-m_R","kcabm","a","alphabeta",3,72
"5813021023","KCab-c_R","kcabc","b","alphabeta",4,46
"939030036","KCab-m_R","kcabm","b","alphabeta",6,73
"642680881","KCab-m_R","kcabm","a","alphabeta",4,78
"363384083","KCab-m_R","kcabm","a","alphabeta",5,73
"5813021832","KCa'b'-m_R","kcabprimem","b","alphaprimebetaprime",4,88
"333031114","KCab-m_R","kcabm","a","alphabeta",5,56
"908689934","KCab-m_R","kcabm","b","alphabeta",4,55
"5812983451","KCa'b'-ap2_R","kcabprimeap2","a","alphaprimebetaprime",4,36
"860607503","KCab-c_R","kcabc","a","alphabeta",5,26
"5813047221","KCa'b'-m_R","kcabprimem","a","alphaprimebetaprime",5,56
"878670047","KCab-m_R","kcabm","b","alphabeta",5,63
"860266123","KCab-c_R","kcabc","b","alphabeta",4,52
"910063307","KCab-s_R","kcabs","b","alphabeta",5,84
"425436170","KCab-m_R","kcabm","b","alphabeta",6,76
"767852204","KCa'b'-m_R","kcabprimem","b","alphaprimebetaprime",4,46
"518187118","KCa'b'-ap2_R","kcabprimeap2","b","alphaprimebetaprime",5,33
"5813022054","KCab-m_R","kcabm","c","alphabeta",4,82
"910412830","KCab-m_R","kcabm","c","alphabeta",6,80
"568635279","KCab-m_R","kcabm","c","alphabeta",5,90
"5812979187","KCg-m_R","kcg","b","gamma",8,149
"549908737","KCa'b'-ap2_R","kcabprimeap2","c","alphaprimebetaprime",7,77
"5813104096","KCg-m_R","kcg","c","gamma",9,170
"5813086212","KCab-c_R","kcabc","c","alphabeta",6,55
"5813078499","KCa'b'-m_R","kcabprimem","b","alphaprimebetaprime",3,55
"848316930","KCab-c_R","kcabc","b","alphabeta",4,24
"394755632","KCab-c_R","kcabc","d","alphabeta",1,9
"394414783","KCab-m_R","kcabm","d","alphabeta",1,16
"5813090861","KCab-m_R","kcabm","c","alphabeta",5,107
"5813032874","KCa'b'-ap2_R","kcabprimeap2","d","alphaprimebetaprime",3,30
"5813069114","KCab-s_R","kcabs","d","alphabeta",5,90
"5812980395","KCab-m_R","kcabm","d","alphabeta",4,72
"569939107","KC part due to gap","unknown","d","unknown",1,15
"5812982204","KCab-c_R","kcabc","d","alphabeta",5,58
"5813106192","KCab-m_R","kcabm","d","alphabeta",5,72
"5812983206","KCab-m_R","kcabm","d","alphabeta",3,70
"518532490","KCa'b'-m_R","kcabprimem","d","alphaprimebetaprime",4,57
"1421666260","KCab-m_R","kcabm","d","alphabeta",5,69
"754491144","KC part due to gap","unknown",NA,"unknown",2,12
"785525842","KC part due to gap","unknown",NA,"unknown",2,15
"755527664","KC part due to gap","unknown",NA,"unknown",3,15
"5812980799","KCab-c_R","kcabc","d","alphabeta",3,31
"5813040892","KC part due to gap","unknown",NA,"unknown",3,29
"5812981590","KCa'b'-m_R","kcabprimem","d","alphaprimebetaprime",4,61
"693121000","KC part due to gap","unknown",NA,"unknown",2,12
"5812981399","KCa'b'-m_R","kcabprimem","d","alphaprimebetaprime",3,67
"5812981141","KCg-m_R","kcg","d","gamma",7,175
"5812979188","KCg-m_R","kcg","a","gamma",9,131
"723853340","KCab-s_R","kcabs","b","alphabeta",5,65
"754184667","KCab-s_R","kcabs","b","alphabeta",5,57
"5813021799","KCa'b'-ap2_R","kcabprimeap2","a","alphaprimebetaprime",6,85
"570647366","KC part due to gap","unknown","d","unknown",8,127
"1078875017","KCab-s_R","kcabs","b","alphabeta",5,73
"5812981160","KCg-m_R","kcg","a","gamma",11,215
"5813062850","KCab-s_R","kcabs","a","alphabeta",6,87
"1313496027","KCa'b'-ap2_R","kcabprimeap2","c","alphaprimebetaprime",6,96
"363733406","KCab-s_R","kcabs","b","alphabeta",6,65
"861634934","KCa'b'-m_R","kcabprimem","b","alphaprimebetaprime",5,56
"1016118651","KCab-c_R","kcabc","a","alphabeta",5,42
"1171704378","KCg-m_R","kcg","b","gamma",4,102
"362697657","KCab-s_R","kcabs","b","alphabeta",6,91
"662103124","KCab-c_R","kcabc","b","alphabeta",5,44
"860607367","KCab-c_R","kcabc","a","alphabeta",6,31
"1141342260","KCg-m_R","kcg","b","gamma",8,131
"5812983454","KCab-s_R","kcabs","b","alphabeta",4,52
"5901197726","KCg-m_R","kcg","c","gamma",10,107
"301314154","KCab-c_R","kcabc","a","alphabeta",6,48
"5813056313","KCa'b'-ap2_R","kcabprimeap2","c","alphaprimebetaprime",5,111
"735785741","KCab-s_R","kcabs","c","alphabeta",6,90
"5812981279","KCa'b'-ap2_R","kcabprimeap2","d","alphaprimebetaprime",5,85
"5813021781","KCa'b'-ap2_R","kcabprimeap2","c","alphaprimebetaprime",6,80
"643703819","KCab-s_R","kcabs","d","alphabeta",7,98
"478250482","KCg-m_R","kcg","d","gamma",9,167
"5813077583","KCa'b'-ap2_R","kcabprimeap2","c","alphaprimebetaprime",5,93
"549222167","KCa'b'-ap2_R","kcabprimeap2","c","alphaprimebetaprime",5,106
"5812982578","KCg-m_R","kcg","c","gamma",7,162
"478660968","KCg-m_R","kcg","a","gamma",8,152
"5812983658","KCg-m_R","kcg","a","gamma",7,135
"5812981689","KCa'b'-m_R","kcabprimem","d","alphaprimebetaprime",4,87
"5813056309","KCg-m_R","kcg","a","gamma",7,116
"5813032967","KCg-m_R","kcg","a","gamma",8,122
"940083749","KCab-c_R","kcabc","a","alphabeta",4,47
"798874090","KCab-s_R","kcabs","a","alphabeta",6,69
"877987539","KCab-c_R","kcabc","b","alphabeta",4,28
"363729312","KCab-m_R","kcabm","b","alphabeta",4,54
"5813083719","KCab-m_R","kcabm","a","alphabeta",5,66
"910386568","KCab-c_R","kcabc","b","alphabeta",4,32
"548549395","KCa'b'-m_R","kcabprimem","d","alphaprimebetaprime",6,88
"5813011555","KCab-m_R","kcabm","c","alphabeta",3,77
"662418320","KCg-m_R","kcg","c","gamma",5,133
"5813033009","KCab-s_R","kcabs","d","alphabeta",7,88
"5812982766","KCg-m_R","kcg","c","gamma",11,199
"631396453","KCab-m_R","kcabm","c","alphabeta",5,99
"5812981563","KCa'b'-ap2_R","kcabprimeap2","d","alphaprimebetaprime",4,68
"661408094","KCab-m_R","kcabm","d","alphabeta",5,80
"5901205770","KCab-s_R","kcabs","c","alphabeta",7,96
"723469488","KC part due to gap","unknown",NA,"unknown",3,21
"1108545599","KCab-s_R","kcabs","a","alphabeta",6,120
"5813077611","KCg-m_R","kcg","c","gamma",8,141
"5812981989","KCg-t_R","kcgt","a","gamma",5,112
"5812983330","KCg-m_R","kcg","a","gamma",7,169
"785232649","KCg-m_R","kcg","a","gamma",6,125
"5813021411","KCab-c_R","kcabc","c","alphabeta",6,53
"829572252","KCab-c_R","kcabc","a","alphabeta",6,35
"724885340","KCg-m_R","kcg","a","gamma",7,122
"5812980408","KCab-s_R","kcabs","d","alphabeta",5,90
"1142019868","KCg-m_R","kcg","c","gamma",5,104
"940079170","KCab-s_R","kcabs","a","alphabeta",7,102
"849370258","KCab-s_R","kcabs","a","alphabeta",8,97
"5813082811","KCab-s_R","kcabs","a","alphabeta",4,73
"394755782","KCab-c_R","kcabc","a","alphabeta",4,35
"5813032811","KCa'b'-m_R","kcabprimem","a","alphaprimebetaprime",3,41
"5813060799","KCg-m_R","kcg","b","gamma",10,154
"860603005","KCab-c_R","kcabc","a","alphabeta",4,32
"394060620","KCab-s_R","kcabs","d","alphabeta",6,88
"5813032759","KCab-m_R","kcabm","d","alphabeta",5,124
"447224575","KCg-m_R","kcg","d","gamma",9,193
"785888696","KCab-c_R","kcabc","d","alphabeta",3,15
"538308362","KCab-m_R","kcabm","c","alphabeta",5,121
"5813077572","KCg-m_R","kcg","d","gamma",6,130
"5812982198","KC part due to gap","unknown","d","unknown",3,68
"5812982490","KCab-s_R","kcabs","d","alphabeta",5,90
"5812979408","KCg-m_R","kcg","c","gamma",8,164
"755177787","KCab-m_R","kcabm","d","alphabeta",6,99
"5813065308","KCab-m_R","kcabm","d","alphabeta",7,99
"5812981944","KCab-s_R","kcabs","d","alphabeta",5,77
"754486618","KC part due to gap","unknown",NA,"unknown",1,12
"5813021417","KC part due to gap","unknown",NA,"unknown",5,60
"548889938","KCa'b'-m_R","kcabprimem","d","alphaprimebetaprime",4,80
"5812981322","KCa'b'-ap2_R","kcabprimeap2","a","alphaprimebetaprime",7,71
"5812980973","KCg-m_R","kcg","b","gamma",5,100
"5812982177","KCab-m_R","kcabm","b","alphabeta",5,77
"1204076441","KCg-m_R","kcg","b","gamma",10,116
"548885407","KCa'b'-ap2_R","kcabprimeap2","b","alphaprimebetaprime",4,40
"5812980448","KCab-c_R","kcabc","a","alphabeta",3,42
"1141337629","KCg-m_R","kcg","b","gamma",6,109
"487493197","KCa'b'-ap2_R","kcabprimeap2","d","alphaprimebetaprime",6,83
"5813093544","KCab-m_R","kcabm","d","alphabeta",5,78
"5813068690","KCa'b'-m_R","kcabprimem","c","alphaprimebetaprime",6,79
"694126800","KC part due to gap","unknown",NA,"unknown",6,55
"5813056299","KCa'b'-m_R","kcabprimem","c","alphaprimebetaprime",7,95
"1204443547","KCg-m_R","kcg","c","gamma",9,190
"393383025","KCab-s_R","kcabs","c","alphabeta",7,104
"363030040","KCab-s_R","kcabs","b","alphabeta",5,67
"5812980219","KCab-m_R","kcabm","a","alphabeta",6,73
"5812982442","KCg-m_R","kcg","b","gamma",7,139
"785232629","KCab-c_R","kcabc","b","alphabeta",4,32
"5813032734","KCab-m_R","kcabm","b","alphabeta",5,71
"5812982088","KCa'b'-m_R","kcabprimem","a","alphaprimebetaprime",6,76
"570643193","KCg-m_R","kcg","d","gamma",8,145
"692110379","KCab-s_R","kcabs","b","alphabeta",6,69
"817294806","KCa'b'-ap2_R","kcabprimeap2","b","alphaprimebetaprime",2,25
"1359553384","KCab-s_R","kcabs","a","alphabeta",7,107
"5812982388","KCab-m_R","kcabm","c","alphabeta",6,109
"5812984045","KCa'b'-ap2_R","kcabprimeap2","c","alphaprimebetaprime",6,85
"642681035","KCab-m_R","kcabm","c","alphabeta",4,78
"1233703950","KCab-s_R","kcabs","c","alphabeta",6,83
"394418743","KCab-m_R","kcabm","c","alphabeta",4,83
"5813081511","KCab-c_R","kcabc","c","alphabeta",3,77
"1172670463","KCg-m_R","kcg","b","gamma",6,82
"5901207528","KCab-c_R","kcabc","c","alphabeta",6,83
"5813021474","KC part due to gap","unknown",NA,"unknown",6,47
"507260559","KCab-m_R","kcabm","c","alphabeta",3,75
"363034211","KCab-m_R","kcabm","d","alphabeta",5,95
"5813020271","KCa'b'-ap2_R","kcabprimeap2","d","alphaprimebetaprime",5,109
"5813069379","KCa'b'-ap2_R","kcabprimeap2","c","alphaprimebetaprime",3,80
"641653381","KCa'b'-m_R","kcabprimem","d","alphaprimebetaprime",5,81
"784848513","KC part due to gap","unknown",NA,"unknown",1,7
"785525736","KCab-m_R","kcabm","d","alphabeta",4,80
"5812980615","KCab-m_R","kcabm","c","alphabeta",5,96
"5813021277","KCab-m_R","kcabm","d","alphabeta",5,126
"923013923","KCab-c_R","kcabc","d","alphabeta",2,55
"549917317","KCab-m_R","kcabm","c","alphabeta",5,78
"5812981104","KCab-m_R","kcabm","c","alphabeta",5,86
"923359312","KCab-s_R","kcabs","c","alphabeta",5,78
"394764082","KCab-m_R","kcabm","c","alphabeta",4,78
"693099031","KCg-m_R","kcg","d","gamma",5,81
"5813021441","KCab-m_R","kcabm","d","alphabeta",3,100
"538282782","KCab-m_R","kcabm","c","alphabeta",5,76
"5813058069","KCab-m_R","kcabm","c","alphabeta",5,77
"1200687913","KCa'b'-ap2_R","kcabprimeap2","d","alphaprimebetaprime",4,87
"425104216","KCab-m_R","kcabm","d","alphabeta",7,90
"5812981400","KCa'b'-m_R","kcabprimem","d","alphaprimebetaprime",7,102
"735785541","KCab-s_R","kcabs","c","alphabeta",5,79
"5812982761","KCab-m_R","kcabm","c","alphabeta",6,102
"600011602","KCab-m_R","kcabm","c","alphabeta",6,78
"5813021312","KCab-m_R","kcabm","d","alphabeta",2,40
"5812981671","KCab-m_R","kcabm","c","alphabeta",3,61
"815909099","KCg-m_R","kcg","b","gamma",6,81
"569615641","KCab-s_R","kcabs","d","alphabeta",6,68
"735785459","KCab-m_R","kcabm","c","alphabeta",3,49
"694139687","KC part due to gap","unknown",NA,"unknown",3,17
"815240159","KCab-m_R","kcabm","b","alphabeta",4,55
"860266062","KCab-m_R","kcabm","a","alphabeta",6,81
"878337317","KCab-m_R","kcabm","b","alphabeta",5,68
"705082892","KCa'b'-m_R","kcabprimem","b","alphaprimebetaprime",4,67
"908690107","KCab-m_R","kcabm","b","alphabeta",4,67
"579583329","KCa'b'-m_R","kcabprimem","b","alphaprimebetaprime",7,70
"363034407","KCab-m_R","kcabm","b","alphabeta",6,84
"877318574","KCab-m_R","kcabm","b","alphabeta",7,117
"5812981564","KCa'b'-m_R","kcabprimem","b","alphaprimebetaprime",7,56
"846611449","KCab-c_R","kcabc","b","alphabeta",3,62
"1172372382","KCg-m_R","kcg","b","gamma",8,151
"860257495","KCab-m_R","kcabm","b","alphabeta",5,72
"571044587","KCy(half)","kcg","c","gamma",2,28
"5813020830","KCab-m_R","kcabm","d","alphabeta",5,69
"5813113782","KCab-m_R","kcabm","b","alphabeta",5,60
"5812982087","KCa'b'-m_R","kcabprimem","b","alphaprimebetaprime",4,33
"846952683","KCab-m_R","kcabm","b","alphabeta",5,54
"5812983213","KCab-s_R","kcabs","a","alphabeta",4,46
"5813062842","KCa'b'-m_R","kcabprimem","c","alphaprimebetaprime",4,60
"580610916","KCab-m_R","kcabm","c","alphabeta",4,69
"1142706421","KCg-m_R","kcg","c","gamma",5,89
"5813067869","KCab-m_R","kcabm","b","alphabeta",4,78
"830586919","KCa'b'-ap2_R","kcabprimeap2","c","alphaprimebetaprime",3,60
"5812980376","KCab-m_R","kcabm","d","alphabeta",4,62
"5813070672","KCg-m_R","kcg","b","gamma",8,119
"5813057869","KCg-m_R","kcg","d","gamma",7,158
"570314896","KCa'b'-m_R","kcabprimem","d","alphaprimebetaprime",6,102
"693785780","KC part due to gap","unknown","d","unknown",3,23
"1109223365","KCab-m_R","kcabm","d","alphabeta",6,107
"662409582","KCa'b'-ap2_R","kcabprimeap2","d","alphaprimebetaprime",6,81
"692775814","KC part due to gap","unknown",NA,"unknown",4,75
"1390942076","KCab-s_R","kcabs","c","alphabeta",4,96
"5813019609","KCab-s_R","kcabs","a","alphabeta",4,71
"939738424","KCab-c_R","kcabc","a","alphabeta",5,99
"971118202","KCab-m_R","kcabm","a","alphabeta",4,51
"1069295830","KCg-m_R","kcg","b","gamma",8,170
"5813020089","KCg-m_R","kcg","a","gamma",7,138
"5813068692","KCa'b'-ap2_R","kcabprimeap2","a","alphaprimebetaprime",5,75
"488188560","KCab-s_R","kcabs","d","alphabeta",7,105
"5813032946","KCab-c_R","kcabc","c","alphabeta",6,53
"817993932","KCab-s_R","kcabs","a","alphabeta",4,81
"940079568","KCab-m_R","kcabm","a","alphabeta",7,78
"332344908","KCab-m_R","kcabm","a","alphabeta",4,69
"394759837","KCab-m_R","kcabm","a","alphabeta",5,83
"5813056327","KCa'b'-m_R","kcabprimem","b","alphaprimebetaprime",6,69
"5812982436","KCg-m_R","kcg","b","gamma",8,135
"1173408617","KCg-m_R","kcg","b","gamma",7,159
"735785583","KCab-s_R","kcabs","d","alphabeta",6,98
"5813021174","KCa'b'-m_R","kcabprimem","d","alphaprimebetaprime",4,61
"1231718414","KCa'b'-ap2_R","kcabprimeap2","c","alphaprimebetaprime",5,60
"5813021399","KCab-s_R","kcabs","c","alphabeta",5,84
"5812982162","KCab-m_R","kcabm","c","alphabeta",4,78
"395105113","KCab-m_R","kcabm","a","alphabeta",3,69
"940748411","KCab-m_R","kcabm","a","alphabeta",6,76
"5812983112","KCa'b'-m_R","kcabprimem","b","alphaprimebetaprime",5,55
"891301236","KCab-m_R","kcabm","a","alphabeta",5,78
"755234235","KCab-c_R","kcabc","b","alphabeta",3,16
"910404284","KCab-m_R","kcabm","a","alphabeta",5,83
"550598935","KCab-s_R","kcabs","b","alphabeta",5,77
"971459227","KCab-m_R","kcabm","a","alphabeta",3,74
"704750742","KCab-s_R","kcabs","b","alphabeta",4,101
"673715784","KCab-m_R","kcabm","a","alphabeta",4,69
"878652627","KCa'b'-m_R","kcabprimem","b","alphaprimebetaprime",5,51
"879032295","KCab-m_R","kcabm","b","alphabeta",5,95
"5813021645","KCa'b'-m_R","kcabprimem","a","alphaprimebetaprime",6,105
"5813061625","KCab-m_R","kcabm","b","alphabeta",5,99
"891978843","KCab-c_R","kcabc","a","alphabeta",6,75
"971118724","KCab-c_R","kcabc","a","alphabeta",3,54
"970777224","KCab-c_R","kcabc","a","alphabeta",3,22
"332008063","KCab-m_R","kcabm","a","alphabeta",5,93
"5813087453","KCab-m_R","kcabm","a","alphabeta",5,123
"5813021778","KCa'b'-m_R","kcabprimem","b","alphaprimebetaprime",4,50
"705432922","KCab-m_R","kcabm","a","alphabeta",6,90
"909704857","KCab-c_R","kcabc","a","alphabeta",3,36
"642689607","KCab-m_R","kcabm","a","alphabeta",4,64
"940084152","KCab-c_R","kcabc","a","alphabeta",4,32
"940087822","KCab-c_R","kcabc","a","alphabeta",1,19
"5812981673","KCab-s_R","kcabs","b","alphabeta",5,80
"798192115","KCab-m_R","kcabm","a","alphabeta",4,58
"643362770","KCab-s_R","kcabs","a","alphabeta",7,80
"1200351200","KCa'b'-ap2_R","kcabprimeap2","a","alphaprimebetaprime",6,78
"798192091","KCab-m_R","kcabm","a","alphabeta",4,44
"816962833","KCa'b'-ap2_R","kcabprimeap2","a","alphaprimebetaprime",3,47
"908668556","KCab-m_R","kcabm","b","alphabeta",5,75
"5813021263","KCab-s_R","kcabs","a","alphabeta",5,52
"333030976","KCab-m_R","kcabm","a","alphabeta",4,85
"5812983851","KCab-m_R","kcabm","a","alphabeta",6,90
"877659673","KCab-m_R","kcabm","b","alphabeta",4,70
"5813021135","KCab-c_R","kcabc","b","alphabeta",4,38
"939738477","KCab-m_R","kcabm","a","alphabeta",4,94
"940070913","KCab-m_R","kcabm","a","alphabeta",5,70
"5813057942","KCa'b'-m_R","kcabprimem","a","alphaprimebetaprime",3,51
"549230949","KCa'b'-ap2_R","kcabprimeap2","a","alphaprimebetaprime",4,51
"940079771","KCab-m_R","kcabm","a","alphabeta",5,74
"363034501","KCab-c_R","kcabc","a","alphabeta",3,47
"939742503","KCab-c_R","kcabc","a","alphabeta",3,37
"5813021397","KCab-c_R","kcabc","c","alphabeta",5,67
"1078525257","KCab-m_R","kcabm","c","alphabeta",4,53
"829015629","KCab-m_R","kcabm","d","alphabeta",4,87
"5813055916","KCab-c_R","kcabc","c","alphabeta",3,52
"394064790","KCab-m_R","kcabm","c","alphabeta",5,87
"5813021779","KCa'b'-ap2_R","kcabprimeap2","c","alphaprimebetaprime",5,62
"5901225361","KCg-m_R","kcg","b","gamma",7,154
"549572017","KCab-m_R","kcabm","a","alphabeta",5,67
"877313996","KCab-c_R","kcabc","b","alphabeta",4,28
"815921891","KCab-c_R","kcabc","b","alphabeta",4,24
"5812983346","KCab-m_R","kcabm","b","alphabeta",4,70
"736122569","KCab-m_R","kcabm","b","alphabeta",4,53
"5813096260","KCa'b'-ap2_R","kcabprimeap2","b","alphaprimebetaprime",3,40
"5812980446","KCab-m_R","kcabm","a","alphabeta",6,81
"5813021292","KCab-c_R","kcabc","d","alphabeta",5,55
"363729314","KCab-m_R","kcabm","b","alphabeta",6,69
"548898520","KCa'b'-m_R","kcabprimem","c","alphaprimebetaprime",4,44
"486837442","KCa'b'-m_R","kcabprimem","c","alphaprimebetaprime",4,50
"580951922","KCab-m_R","kcabm","c","alphabeta",3,54
"5813057213","KCab-m_R","kcabm","c","alphabeta",5,64
"5813021314","KCab-m_R","kcabm","d","alphabeta",5,74
"394069210","KCab-m_R","kcabm","c","alphabeta",4,106
"630722975","KC part due to gap","unknown",NA,"unknown",4,68
"5812982316","KCab-m_R","kcabm","c","alphabeta",4,71
"661408056","KCg-m_R","kcg","a","gamma",6,135
"5812983174","KCa'b'-m_R","kcabprimem","b","alphaprimebetaprime",4,82
"5812981990","KCg-m_R","kcg","d","gamma",8,149
"754188911","KCg-m_R","kcg","c","gamma",4,62
"5813110928","KCab-s_R","kcabs","c","alphabeta",4,40
"5813096281","KCab-c_R","kcabc","c","alphabeta",8,100
"332353106","KCab-m_R","kcabm","b","alphabeta",4,78
"693099102","KCg-m_R","kcg","d","gamma",2,56
"5813067836","KCab-m_R","kcabm","d","alphabeta",8,111
"5812981690","KCab-m_R","kcabm","d","alphabeta",6,78
"550271272","KCab-s_R","kcabs","d","alphabeta",4,92
"724133866","KC part due to gap","unknown",NA,"unknown",3,67
"798196366","KCab-m_R","kcabm","a","alphabeta",7,88
"5812980593","KCab-m_R","kcabm","a","alphabeta",4,85
"5812980351","KCab-s_R","kcabs","c","alphabeta",5,69
"5813020057","KCa'b'-ap2_R","kcabprimeap2","c","alphaprimebetaprime",6,86
"363375408","KCab-c_R","kcabc","c","alphabeta",5,89
"394755742","KCab-c_R","kcabc","a","alphabeta",3,19
"5812980179","KCab-s_R","kcabs","c","alphabeta",6,99
"860944055","KCab-c_R","kcabc","c","alphabeta",2,66
"5813019770","KCab-c_R","kcabc","c","alphabeta",4,65
"5812980438","KCab-m_R","kcabm","d","alphabeta",4,68
"984405805","KCab-m_R","kcabm","c","alphabeta",5,96
"5813056110","KCab-m_R","kcabm","c","alphabeta",3,68
"662763626","KCg-m_R","kcg","d","gamma",5,135
"5813032541","KCg-m_R","kcg","d","gamma",7,150
"363371001","KCab-m_R","kcabm","d","alphabeta",1,22
"5812980965","KCab-c_R","kcabc","c","alphabeta",6,81
"785521487","KC part due to gap","unknown",NA,"unknown",1,11
"333039671","KCab-m_R","kcabm","d","alphabeta",4,89
"331662668","KCab-m_R","kcabm","c","alphabeta",4,58
"5812980557","KCab-m_R","kcabm","d","alphabeta",5,118
"632013356","KCab-m_R","kcabm","d","alphabeta",3,62
"891642281","KCab-c_R","kcabc","c","alphabeta",4,38
"364061776","KCab-m_R","kcabm","d","alphabeta",5,89
"5812983038","KCab-m_R","kcabm","d","alphabeta",4,77
"5812981943","KCab-s_R","kcabs","d","alphabeta",8,92
"539249493","KCab-m_R","kcabm","d","alphabeta",5,87
"1420651734","KCab-m_R","kcabm","d","alphabeta",5,118
"394755376","KCab-m_R","kcabm","d","alphabeta",6,56
"5813056395","KCab-m_R","kcabm","d","alphabeta",5,100
"5813068687","KCa'b'-m_R","kcabprimem","a","alphaprimebetaprime",3,42
"940425106","KCab-m_R","kcabm","a","alphabeta",4,115
"5813056390","KCa'b'-ap2_R","kcabprimeap2","c","alphaprimebetaprime",4,68
"5812980624","KCab-m_R","kcabm","c","alphabeta",3,72
"5813021326","KCab-m_R","kcabm","c","alphabeta",5,113
"518191547","KCa'b'-ap2_R","kcabprimeap2","d","alphaprimebetaprime",4,58
"1139921865","KCab-m_R","kcabm","c","alphabeta",4,88
"5812980379","KCab-c_R","kcabc","a","alphabeta",2,28
"940079253","KCab-m_R","kcabm","a","alphabeta",5,77
"829231457","KCab-m_R","kcabm","a","alphabeta",3,57
"301314208","KCab-c_R","kcabc","b","alphabeta",3,40
"548549000","KCa'b'-m_R","kcabprimem","c","alphaprimebetaprime",3,67
"5813021465","KCab-m_R","kcabm","c","alphabeta",5,98
"5813021999","KCab-c_R","kcabc","c","alphabeta",4,70
"5813033259","KCab-c_R","kcabc","b","alphabeta",3,41
"877659583","KCab-m_R","kcabm","b","alphabeta",4,69
"705432638","KCab-s_R","kcabs","a","alphabeta",5,66
"363384138","KCab-m_R","kcabm","b","alphabeta",3,59
"5812980947","KCab-m_R","kcabm","b","alphabeta",6,104
"5812980369","KCab-m_R","kcabm","b","alphabeta",4,54
"5812983608","KCab-c_R","kcabc","b","alphabeta",5,59
"486815976","KCa'b'-ap2_R","kcabprimeap2","c","alphaprimebetaprime",4,49
"5812982514","KCab-s_R","kcabs","c","alphabeta",6,95
"363716303","KCab-m_R","kcabm","b","alphabeta",1,29
"5812980600","KCab-c_R","kcabc","b","alphabeta",3,22
"815926332","KCab-m_R","kcabm","b","alphabeta",4,60
"5812982521","KCab-c_R","kcabc","c","alphabeta",6,68
"1004527604","KCg-m_R","kcg","a","gamma",8,184
"600702348","KCg-m_R","kcg","d","gamma",6,175
"725174424","KCab-m_R","kcabm","d","alphabeta",3,71
"5813057573","KCab-c_R","kcabc","c","alphabeta",5,46
"5812979197","KCg-m_R","kcg","c","gamma",7,177
"846611908","KCab-c_R","kcabc","b","alphabeta",4,33
"519223428","KCab-m_R","kcabm","b","alphabeta",5,80
"5813021380","KCg-m_R","kcg","d","gamma",7,184
"785521517","KC part due to gap","unknown",NA,"unknown",2,17
"986793149","KCa'b'-ap2_R","kcabprimeap2","c","alphaprimebetaprime",5,89
"5813067779","KCab-s_R","kcabs","c","alphabeta",6,85
"508935964","KCg-m_R","kcg","d","gamma",8,217
"5813063229","KCab-s_R","kcabs","d","alphabeta",5,115
"662414157","KCab-c_R","kcabc","d","alphabeta",3,45
"1451695303","KCab-m_R","kcabm","b","alphabeta",4,64
"5812983321","KCg-m_R","kcg","b","gamma",3,75
"5813021404","KCab-m_R","kcabm","c","alphabeta",3,99
"394427392","KCab-s_R","kcabs","c","alphabeta",5,123
"860266346","KCab-c_R","kcabc","a","alphabeta",3,56
"332340236","KCab-m_R","kcabm","b","alphabeta",4,54
"878324438","KCab-m_R","kcabm","b","alphabeta",4,47
"519223027","KCab-s_R","kcabs","b","alphabeta",6,65
"846270628","KCab-c_R","kcabc","b","alphabeta",1,7
"5812982397","KCa'b'-m_R","kcabprimem","c","alphaprimebetaprime",4,43
"5813021319","KCab-m_R","kcabm","c","alphabeta",6,82
"569002579","KCab-m_R","kcabm","c","alphabeta",3,55
"487489028","KCa'b'-ap2_R","kcabprimeap2","b","alphaprimebetaprime",3,33
"5812982211","KCab-m_R","kcabm","d","alphabeta",2,31
"5813021469","KCg-m_R","kcg","c","gamma",6,115
"5812981277","KCa'b'-ap2_R","kcabprimeap2","d","alphaprimebetaprime",3,74
"878324222","KCab-c_R","kcabc","b","alphabeta",3,51
"487160828","KCa'b'-m_R","kcabprimem","d","alphaprimebetaprime",6,73
"1420306364","KCab-m_R","kcabm","a","alphabeta",6,70
"1004527700","KCg-m_R","kcg","a","gamma",4,54
"5813021463","KCab-m_R","kcabm","b","alphabeta",3,68
"5813032702","KCab-c_R","kcabc","b","alphabeta",5,40
"908340253","KCab-m_R","kcabm","b","alphabeta",4,77
"5812981071","KCa'b'-m_R","kcabprimem","b","alphaprimebetaprime",6,82
"5812980410","KCab-m_R","kcabm","b","alphabeta",3,76
"909368173","KCab-m_R","kcabm","b","alphabeta",3,79
"877974490","KCab-c_R","kcabc","b","alphabeta",3,39
"723128414","KC part due to gap","unknown",NA,"unknown",1,8
"5812981308","KCa'b'-m_R","kcabprimem","b","alphaprimebetaprime",3,63
"300968622","KCab-m_R","kcabm","a","alphabeta",5,65
"940079657","KCab-m_R","kcabm","a","alphabeta",3,54
"364407023","KCab-m_R","kcabm","a","alphabeta",4,64
"548552875","KCa'b'-m_R","kcabprimem","a","alphaprimebetaprime",4,49
"693785353","KC part due to gap","unknown",NA,"unknown",3,26
"1109568528","KCab-s_R","kcabs","d","alphabeta",6,85
"736126563","KCab-c_R","kcabc","d","alphabeta",3,51
"5.7e.08","KCg-m_R","kcg",NA,"gamma",5,99
"908353540","KCab-m_R","kcabm","b","alphabeta",5,90
"5812980192","KCab-m_R","kcabm","a","alphabeta",2,63
"363725201","KCab-m_R","kcabm","a","alphabeta",3,79
"5812983871","KCa'b'-ap2_R","kcabprimeap2","b","alphaprimebetaprime",4,37
"5812980414","KCab-m_R","kcabm","b","alphabeta",4,71
"784882707","KCab-c_R","kcabc","b","alphabeta",3,39
"909372586","KCab-m_R","kcabm","b","alphabeta",5,101
"941111195","KCab-m_R","kcabm","a","alphabeta",3,45
"908668522","KCab-m_R","kcabm","b","alphabeta",5,87
"816254592","KCab-c_R","kcabc","b","alphabeta",6,82
"5813063140","KCa'b'-m_R","kcabprimem","b","alphaprimebetaprime",4,56
"705091769","KCab-c_R","kcabc","b","alphabeta",5,31
"579592619","KCa'b'-m_R","kcabprimem","b","alphaprimebetaprime",4,75
"1048517845","KCa'b'-m_R","kcabprimem","a","alphaprimebetaprime",4,43
"332003899","KCab-c_R","kcabc","d","alphabeta",1,5
"860266404","KCab-c_R","kcabc","c","alphabeta",5,79
"5812981669","KCab-m_R","kcabm","c","alphabeta",3,74
"5812980561","KCab-m_R","kcabm","c","alphabeta",5,73
"5813021183","KC part due to gap","unknown",NA,"unknown",4,65
"5812980611","KCab-s_R","kcabs","d","alphabeta",4,96
"332353566","KCab-m_R","kcabm","c","alphabeta",3,58
"5812982200","KC part due to gap","unknown",NA,"unknown",2,21
"5813050820","KCab-m_R","kcabm","b","alphabeta",5,94
"5813058106","KCab-m_R","kcabm","b","alphabeta",3,61
"878333234","KCab-c_R","kcabc","b","alphabeta",3,49
"736126644","KCab-c_R","kcabc","b","alphabeta",3,75
"5812983455","KCab-m_R","kcabm","b","alphabeta",4,52
"5812981570","KCa'b'-m_R","kcabprimem","b","alphaprimebetaprime",5,57
"1141678637","KCg-m_R","kcg","b","gamma",7,108
"5813094364","KCg-m_R","kcg","c","gamma",2,62
"5812983576","KCab-c_R","kcabc","b","alphabeta",2,25
"612668833","KCab-s_R","kcabs","c","alphabeta",6,96
"5812981578","KCa'b'-m_R","kcabprimem","c","alphaprimebetaprime",6,55
"5813050818","KCab-m_R","kcabm","d","alphabeta",4,60
"601725442","KC(incomplete?)","unknown",NA,"unknown",2,0
"5812981275","KCa'b'-ap2_R","kcabprimeap2","b","alphaprimebetaprime",3,33
"767502627","KCab-c_R","kcabc","d","alphabeta",3,27
"661740600","KC part due to gap","unknown",NA,"unknown",2,62
"5812981042","KCab-m_R","kcabm","d","alphabeta",5,107
"5813056355","KCab-s_R","kcabs","d","alphabeta",7,99
"5813035318","KC part due to gap","unknown","d","unknown",2,20
"5813021792","KCa'b'-m_R","kcabprimem","d","alphaprimebetaprime",5,62
"5812983569","KCa'b'-ap2_R","kcabprimeap2","b","alphaprimebetaprime",3,28
"5813082847","KCab-c_R","kcabc","a","alphabeta",7,88
"5813071406","KCab-m_R","kcabm","c","alphabeta",3,62
"691760950","KCab-m_R","kcabm","c","alphabeta",5,79
"724763999","KC part due to gap","unknown","d","unknown",1,9
"1017819398","KCa'b'-ap2_R","kcabprimeap2","a","alphaprimebetaprime",4,53
"5813021019","KCab-m_R","kcabm","c","alphabeta",4,77
"362701875","KCab-s_R","kcabs","d","alphabeta",5,114
"476545134","KCab-m_R","kcabm","c","alphabeta",2,73
"394755645","KCab-c_R","kcabc","d","alphabeta",2,43
"611309194","KCab-m_R","kcabm","d","alphabeta",5,96
"5813021016","KCab-c_R","kcabc","c","alphabeta",4,51
"569317846","KCab-m_R","kcabm","c","alphabeta",4,66
"5812981127","KCab-m_R","kcabm","d","alphabeta",4,83
"5813063527","KCa'b'-m_R","kcabprimem","a","alphaprimebetaprime",3,62
"908699052","KCab-m_R","kcabm","a","alphabeta",4,51
"5813078552","KCab-s_R","kcabs","c","alphabeta",6,73
"1327831994","KCab-s_R","kcabs","a","alphabeta",4,75
"1111615136","KCa'b'-ap2_R","kcabprimeap2","b","alphaprimebetaprime",3,58
"5812983272","KCab-m_R","kcabm","b","alphabeta",6,100
"5812981109","KCab-c_R","kcabc","d","alphabeta",3,64
"798537538","KCab-c_R","kcabc","d","alphabeta",2,12
"508918609","KCa'b'-m_R","kcabprimem","d","alphaprimebetaprime",6,89
"724829211","KC part due to gap","unknown","d","unknown",1,8
"5812982154","KCg-m_R","kcg","d","gamma",5,112
"570288900","KCab-m_R","kcabm","d","alphabeta",4,107
"5813095472","KCa'b'-m_R","kcabprimem","d","alphaprimebetaprime",6,110
"5813021313","KCab-m_R","kcabm","c","alphabeta",6,73
"5813099783","KCab-m_R","kcabm","d","alphabeta",5,74
"5813078064","KCa'b'-m_R","kcabprimem","b","alphaprimebetaprime",3,95
"570647225","KC part due to gap","unknown","d","unknown",2,35
"539586554","KC part due to gap","unknown","d","unknown",1,21
"5813021017","KCab-c_R","kcabc","c","alphabeta",4,58
"984746802","KCab-m_R","kcabm","c","alphabeta",3,86
"661076014","KCab-c_R","kcabc","d","alphabeta",2,27
"5812981318","KCa'b'-ap2_R","kcabprimeap2","b","alphaprimebetaprime",3,48
"798533259","KCab-c_R","kcabc","b","alphabeta",1,5
"5813078555","KC part due to gap","unknown",NA,"unknown",3,27
"785456671","KC part due to gap","unknown","d","unknown",1,11
"939738364","KCab-m_R","kcabm","a","alphabeta",6,108
"332007728","KCab-m_R","kcabm","a","alphabeta",4,69
"754163207","KCab-c_R","kcabc","d","alphabeta",1,3
"724134170","KC part due to gap","unknown","d","unknown",1,11
"704759205","KCa'b'-ap2_R","kcabprimeap2","b","alphaprimebetaprime",3,42
"600978553","KC part due to gap","unknown","d","unknown",2,34
"755851102","KCg-m_R","kcg","d","gamma",3,77
"362693077","KCab-m_R","kcabm","b","alphabeta",5,83
"754150161","KC part due to gap","unknown",NA,"unknown",3,39
"5813021315","KCab-m_R","kcabm","c","alphabeta",2,57
"569313277","KCab-m_R","kcabm","c","alphabeta",4,84
"829572544","KCab-c_R","kcabc","d","alphabeta",1,3
"5812983345","KCab-m_R","kcabm","b","alphabeta",3,69
"5813106497","KCab-m_R","kcabm","a","alphabeta",4,80
"847254536","KCab-m_R","kcabm","d","alphabeta",5,95
"798196454","KCab-m_R","kcabm","b","alphabeta",3,70
"860265987","KCab-m_R","kcabm","b","alphabeta",4,61
"600965298","KC part due to gap","unknown","d","unknown",1,16
"785189253","KC part due to gap","unknown",NA,"unknown",1,11
"693794431","KC part due to gap","unknown",NA,"unknown",1,5
"5812980803","KCab-c_R","kcabc","d","alphabeta",2,31
"579924731","KCa'b'-m_R","kcabprimem","b","alphaprimebetaprime",4,54
"394401778","KCab-m_R","kcabm","a","alphabeta",5,87
"332689776","KCab-m_R","kcabm","b","alphabeta",4,54
"5813056234","KCab-m_R","kcabm","b","alphabeta",4,58
"5812983429","KC part due to gap","unknown",NA,"unknown",1,36
"755173189","KCab-c_R","kcabc","d","alphabeta",2,36
"785517281","KC part due to gap","unknown",NA,"unknown",0,0
"847254581","KCab-m_R","kcabm","d","alphabeta",2,43
"704750842","KCab-m_R","kcabm","d","alphabeta",3,56
"1141346472","KCg-m_R","kcg","d","gamma",2,45
"693112035","KC part due to gap","unknown",NA,"unknown",1,12
"662085792","KC part due to gap","unknown",NA,"unknown",1,26
"692775807","KC part due to gap","unknown",NA,"unknown",1,13
"767161677","KCab-m_R","kcabm","d","alphabeta",1,35
"332003730","KCab-c_R","kcabc","d","alphabeta",1,9
